project_id,day_index,day_label,Time_s,FrameNum,TrackID_1,TrackID_2,TrackUID_1,TrackUID_2,pair_episode_id,dt_frames,smooth_segment,sex_1,sex_2,pair_sex,centroid_distance_px,dist_nose1_nose2_px,dist_nose1_tailtip2_px,dist_nose2_tailtip1_px,dist_nose1_spine4of2_px,dist_nose2_spine4of1_px,orbital_rad,rel_heading_rad,bearing_1_rad,bearing_2_rad,body_length_px_1,body_length_px_2,speed_bl_s_1,speed_bl_s_2,centroid_distance_bl,dist_nose1_nose2_bl,dist_nose1_tailtip2_bl,dist_nose2_tailtip1_bl,dist_nose1_spine4of2_bl,dist_nose2_spine4of1_bl,approach_rate_bl_s,proximity,facing_1,facing_2,mutual_facing,speed_mean_bl_s,speed_diff_bl_s,closing_speed_bl_s,centroid_distance_bl_smooth,dist_nose1_nose2_bl_smooth,dist_nose1_tailtip2_bl_smooth,dist_nose2_tailtip1_bl_smooth,dist_nose1_spine4of2_bl_smooth,dist_nose2_spine4of1_bl_smooth,bearing_1_rad_smooth,bearing_2_rad_smooth,speed_bl_s_1_smooth,speed_bl_s_2_smooth,speed_mean_bl_s_smooth,speed_diff_bl_s_smooth,qc_n_missing_kp_1,qc_n_missing_kp_2,qc_missing_nose_or_tail,is_track_start_1,is_track_end_1,is_track_start_2,is_track_end_2
MCYHF1-P-613_t011_tr2,30,0031_vid,1028.6,30858,1139,1151,30001139,30001151,30000112,,0,female,male,FM,94.514015,169.50943,129.9415,57.142723,133.57542,133.00429,-2.688497,1.0787704,-2.688497,1.5318661,132.3485,176.161,0.6073813,,0.6127138254422514,1.0988928048886766,0.8423824978319338,0.3704438583359242,0.8659404530845497,0.8622378994106282,,True,False,False,False,,,,1.1549648904351795,1.5211511223945244,0.9580245714184644,1.2942505875409722,1.092854353916862,1.4541045624006088,-3.0772517154591075,2.284946084022522,0.692806251347065,4.729995876550674,3.2593573480844498,-4.128321170806885,0,0,False,False,False,True,False
MCYHF1-P-613_t011_tr2,30,0031_vid,1028.6333333333334,30859,1139,1151,30001139,30001151,30000112,1.0,0,female,female,FF,114.12912,190.85907,143.47401,98.703224,135.53343,166.8959,-2.3054621,0.9578053,-2.3054621,1.7939358,110.263275,212.49727,0.67566985,7.032835,0.7072061443517023,1.1826666764370155,0.8890430818012205,0.6116188987225348,0.8398389121630677,1.0341778617922712,2.834769567283526,True,False,False,False,3.8542523,-6.3571653,-2.834769567283526,1.2017562852956998,1.5283684607115477,0.985100158238185,1.3065133543208192,1.127630419975379,1.4601973635059762,2.6875587754753045,2.3144926230112706,0.7362646990352206,4.701141171985203,3.3254567914538913,-4.102767626444499,0,0,False,False,False,False,False
MCYHF1-P-613_t011_tr2,30,0031_vid,1028.6666666666667,30860,1139,1151,30001139,30001151,30000112,1.0,0,female,female,FF,125.04046,217.89876,146.30856,137.65416,136.98615,198.3993,-2.109924,-2.1987655,1.0316687,1.9744958,102.705826,252.38908,0.2019317,4.275709,0.7042650022559783,1.2272705240315407,0.8240532840599016,0.7753091120039534,0.7715466557806759,1.117443826139269,-0.0882342628717181,True,False,False,False,2.2388203,-4.0737777,0.0882342628717181,1.2534421812188483,1.5437722063850405,1.0367431972757613,1.3247981461674925,1.1934023154538953,1.4816568752754142,1.9682692869485852,2.4204455439244406,0.7710314571857453,4.6585979700088505,3.3650028824806215,-3.9301706075668337,0,0,False,False,False,False,False
MCYHF1-P-613_t011_tr2,30,0031_vid,1028.7,30861,1139,1151,30001139,30001151,30000112,1.0,0,female,male,FM,151.29703,246.1527,144.95078,177.7171,158.28363,234.448,-1.9073049,0.8518462,-1.9073049,2.086134,109.71182,242.62465,0.89068836,6.551147,0.8588212677446263,1.3972592369671577,0.8227974498676374,1.0087919724297936,0.8984799653090118,1.3308187881340918,4.63668796465944,True,False,False,False,3.7209177,-5.6604586,-4.63668796465944,1.2990213776158575,1.5723941425967345,1.0829490528778332,1.3469443514351342,1.2696595695232369,1.517387822488419,1.375637166426646,2.507134297398852,0.799476986581629,4.584495240991766,3.397358775138855,-3.7359044660221445,0,0,False,False,False,False,False
MCYHF1-P-613_t011_tr2,30,0031_vid,1028.7333333333333,30862,1139,1151,30001139,30001151,30000112,1.0,0,female,female,FF,173.40306,271.68918,158.34781,208.87038,172.58778,265.89023,-1.7987119,0.8025943,-1.7987119,2.145475,107.09189,259.48398,1.0839323,4.9822717,0.9460691587499723,1.482308046698132,0.8639292611579228,1.139575163349722,0.9416210912492368,1.4506695744357414,2.6174367301603807,True,False,False,False,3.033102,-3.8983393,-2.6174367301603807,1.3408136953702947,1.6095210572837193,1.1271515324992298,1.3800100911842155,1.3363826419789273,1.5611370517552707,0.6247908055775735,2.5793749252941947,0.823181594411532,4.518956959247589,3.373140662908554,-3.574016014734904,0,0,False,False,False,False,False
MCYHF1-P-613_t011_tr2,30,0031_vid,1028.7666666666667,30863,1139,1151,30001139,30001151,30000112,1.0,0,female,male,FM,199.52617,298.33585,166.42177,242.97108,189.8163,296.98578,-1.6658584,0.7942114,-1.6658584,2.2699456,99.86638,254.78745,0.29152656,5.9219565,1.1251883126809474,1.6824059174464743,0.9385026016675506,1.370187310856409,1.0704314273368725,1.674792481200355,5.373574617929253,True,False,False,False,3.1067414,-5.63043,-5.373574617929253,1.376347063549692,1.6547304222649697,1.1662651163601452,1.4238129308401288,1.3955139782489212,1.6123584612579356,-0.01080301847233578,2.6405016104364076,0.8149294578112088,4.3958736933194675,3.3526484140982995,-3.387576882655804,0,0,False,False,False,False,False
MCYHF1-P-613_t011_tr2,30,0031_vid,1028.8,30864,1139,1151,30001139,30001151,30000112,1.0,0,female,male,FM,221.62405,322.5247,173.48312,272.16513,204.15675,325.3157,-1.5800179,-2.3322945,1.5615748,2.370873,96.77969,250.27975,0.41701514,4.4703035,1.2771532662636105,1.8586135047136745,0.999731456140826,1.5684064041115524,1.1764944281106156,1.8746972946184655,4.558948607479891,True,False,False,False,2.4436593,-4.0532885,-4.558948607479891,1.4068042362748892,1.6934813065346128,1.1997910453837868,1.4613582219737693,1.4461979807660588,1.6562625265459336,-0.5555977248008297,2.6928959119868763,1.1899208085877555,4.281899333000183,3.4228163872446333,-2.8984916295324052,0,0,False,False,False,False,False
MCYHF1-P-613_t011_tr2,30,0031_vid,1028.8333333333333,30865,1139,1151,30001139,30001151,30000112,1.0,0,female,male,FM,242.12308,346.76175,180.74025,299.6456,219.55617,350.96524,-1.503725,-2.3368506,1.6378677,2.4426098,91.45868,252.22417,0.16250198,4.523846,1.4089913428133753,2.017917118840555,1.0517851076997065,1.7437332284241076,1.2776673035246278,2.0423785736906432,3.955142296492946,True,False,False,False,2.343174,-4.3613443,-3.955142296492946,1.4332004526367268,1.7270654062349704,1.2288468505376098,1.4938974742895907,1.4901241162809113,1.6943127164621987,-1.0277531369521924,2.7383043066639488,1.514913312594096,4.173293542861939,3.4836286306381226,-2.4746177434921264,0,0,False,False,False,False,False
MCYHF1-P-613_t011_tr2,30,0031_vid,1028.8666666666666,30866,1139,1151,30001139,30001151,30000112,1.0,0,female,male,FM,266.81384,371.96844,203.43509,330.0194,237.99269,377.0086,-1.4594398,0.86871195,-1.4594398,2.550865,90.78152,247.79594,0.7159038,4.856529,1.5760874441798616,2.1972428020399737,1.2017048527959502,1.9494470067110918,1.4058389484435145,2.22701537528991,5.012883040994587,False,False,False,False,2.7862165,-4.1406255,-5.012883040994587,1.5012649425780433,1.7949049594718984,1.281802920040145,1.5704007087016536,1.569750574373344,1.7671755627892074,-1.8411386757414494,2.8233065186581925,4.486144359906515,4.016634631156921,4.862083633740743,0.6655701239903767,0,0,False,False,False,False,False
MCYHF1-P-613_t011_tr2,30,0031_vid,1028.9,30867,1139,1151,30001139,30001151,30000112,1.0,0,female,male,FM,427.51422,376.60226,555.22974,353.6311,508.4459,358.2798,1.4091234,0.78895617,1.7325013,-0.6201353,235.51776,239.35843,129.89268,4.6853285,1.8005291906691088,1.5861071672477336,2.3384189302528804,1.4893612727875527,2.141382966096156,1.5089397723489169,6.733252394677416,False,False,True,False,67.28901,125.20736,-6.733252394677416,1.574465508196821,1.8772518282742334,1.336268468276335,1.6606968419070256,1.6485628206795524,1.8531548162995028,-2.650892698233049,2.9074517509644275,10.052086905638378,3.8628055016199747,7.540429957707723,6.417191163698832,0,0,False,False,False,False,False
MCYHF1-P-613_t011_tr2,30,0031_vid,1028.9333333333334,30868,1139,1151,30001139,30001151,30000112,1.0,0,female,male,FM,430.9894,367.06345,561.5773,344.97937,521.61523,333.58585,1.4534975,1.0985982,1.7778492,-0.26514518,245.23445,245.97382,6.0648084,2.6051917,1.7548133415859462,1.4945328511198106,2.2865139208479173,1.4046154885595954,2.1238047858423683,1.3582256986051584,-1.3714754724948786,False,False,True,False,4.335,3.4596167,1.3714754724948786,1.6491185024563724,1.9622619440172104,1.3867387597618828,1.7519753558253335,1.722457563371056,1.9430616240509975,2.8254992604229336,2.9863269074726286,13.014696129163106,3.712942059834798,8.918884960810344,9.54266444047292,0,0,False,False,False,False,False
MCYHF1-P-613_t011_tr2,30,0031_vid,1028.9666666666667,30869,1139,1151,30001139,30001151,30000112,1.0,0,female,male,FM,326.2425,433.725,246.58904,398.05453,284.9485,437.37152,-1.3547436,1.6208044,-1.3547436,-2.875532,81.51129,237.69624,133.36642,3.843468,2.0440776430316374,2.7175110787331582,1.5450076088985514,2.4940171614303055,1.7853493747605413,2.7403583770901765,8.677929043370739,False,False,False,False,68.60495,129.52295,-8.677929043370739,1.7252239253566974,2.056040261109357,1.433213794496788,1.8442362504565761,1.7914348024478548,2.04078066590457,2.021666585867326,3.059931988182794,18.576086103916168,3.5690110365549725,11.58654712041219,15.284699924786885,0,0,False,False,False,False,False
MCYHF1-P-613_t011_tr2,30,0031_vid,1029.0,30870,1139,1151,30001139,30001151,30000112,1.0,0,female,male,FM,423.4769,365.04483,573.9061,317.81567,512.15576,307.55832,1.5246052,1.3462883,1.8711967,0.075892456,233.26472,236.54805,138.76855,2.8002326,1.8027474817024551,1.554001295890015,2.4431269598712553,1.3529460711635242,2.1802547284558287,1.3092803588218769,-7.239904839875469,False,False,True,False,70.78439,135.96832,7.239904839875469,1.7982879051378517,2.150539795556212,1.479994473504349,1.9365895779742863,1.8586077389445295,2.1404789475374444,1.3083521217756022,3.125959220458512,21.40040132602056,3.424966065088908,12.882002957661946,18.295041831334434,0,0,False,False,False,False,False
MCYHF1-P-613_t011_tr2,30,0031_vid,1029.0333333333333,30871,1139,1151,30001139,30001151,30000112,1.0,0,female,male,FM,356.8547,462.17548,247.36583,427.9669,317.4273,465.19348,-1.3513339,1.6602266,-1.3513339,-2.8327,78.6912,227.95201,138.90543,2.4373443,2.3274913161933672,3.014418444271183,1.6133788083345932,2.791301894622256,2.07033643899152,3.034102593531568,15.742315034727364,False,False,False,False,70.67139,136.46808,-15.742315034727364,1.8683104417998355,2.2479009387816236,1.5223875846077024,2.0313305502253427,1.9205141113030784,2.2460411488104994,0.6870536295562353,-3.098776702879805,21.48764179547628,3.2804831981658937,12.787234576543172,18.575235446294148,0,0,False,False,False,False,False
MCYHF1-P-613_t011_tr2,30,0031_vid,1029.0666666666666,30872,1139,1151,30001139,30001151,30000112,1.0,0,female,male,FM,414.02054,362.50153,594.37195,274.5835,507.1237,287.58252,1.6301564,1.372321,1.9306761,0.16140446,237.25311,244.55402,143.63777,2.9188745,1.718615244527186,1.504757834122632,2.467260912438016,1.1398066969954628,2.105090013488849,1.1937661453208086,-18.266282149985436,False,False,True,False,73.27832,140.7189,18.266282149985436,1.9342504026106755,2.3414402762262583,1.5653921800808583,2.127261474045776,1.9807791852601615,2.346724999784777,0.0675493523802615,-3.044413169754174,21.52250985701879,3.146671112378438,12.670744367440541,18.811756805578867,0,0,False,False,False,False,False
MCYHF1-P-613_t011_tr2,30,0031_vid,1029.1,30873,1139,1151,30001139,30001151,30000112,1.0,0,female,male,FM,387.15814,495.51843,256.45737,470.39297,347.09976,498.12268,-1.4208908,1.7401009,-1.4208908,-2.8223827,97.41933,244.17528,143.6008,2.6528125,2.2667696561858213,2.9012076075020112,1.5015305486139476,2.754100730325053,2.032232110216653,2.9164552022393253,16.444632349759058,False,False,False,False,73.12681,140.94798,-16.444632349759058,1.9717689068819113,2.3976859176788468,1.6020783995366548,2.181338199987873,2.0310014625269854,2.4107289587382796,-0.4879657027271058,-2.9875444304371657,22.99621139253889,3.050213703087398,13.305255749395915,20.439440424953187,0,0,False,False,False,False,False
MCYHF1-P-613_t011_tr2,30,0031_vid,1029.1333333333334,30874,1139,1151,30001139,30001151,30000112,1.0,0,female,male,FM,402.58688,511.3126,274.64532,486.72134,362.19513,514.4339,-1.4215388,1.6308537,-1.3984244,-2.9091635,94.31482,241.51375,0.23516606,2.6119635,2.3975737772163677,3.0450809789747866,1.635628122691129,2.8986297837039365,2.157023936858886,3.063669673773668,3.924123630916392,False,False,False,False,1.4235648,-2.3767974,-3.924123630916392,2.0022059424743768,2.460115052327394,1.632876364670555,2.241086100866972,2.0790908866872524,2.4800973576913075,-0.8965588762209968,-2.9302539733740005,24.681771324231075,2.9409760236740112,14.032256011779491,22.31157732468385,0,0,False,False,False,False,False
MCYHF1-P-613_t011_tr2,30,0031_vid,1029.1666666666667,30875,1139,1151,30001139,30001151,30000112,1.0,0,female,male,FM,416.36142,524.58496,290.8973,506.12735,373.4927,529.49835,-1.4220921,1.2760496,-1.3786516,3.0389907,96.753174,244.27007,0.62812316,2.4213662,2.441836050428248,3.0765349731998306,1.7060263053440736,2.9682865668404186,2.190423780182099,3.105350552605699,1.3278681963564143,False,False,False,False,1.5247447,-1.793243,-1.3278681963564143,2.0258385006366426,2.5249241469008044,1.643821849341939,2.3037298365402568,2.103569346014478,2.5472060973988873,-1.1194262156883887,-2.932011514902115,26.64825791120529,2.8297482629617057,14.89153420428435,24.368941888213158,0,0,False,False,False,False,False
MCYHF1-P-613_t011_tr2,30,0031_vid,1029.2,30876,1139,1151,30001139,30001151,30000112,1.0,0,female,male,FM,438.5908,530.08575,329.52798,516.6282,399.1499,536.5461,-1.4261323,0.81184846,-1.4261323,2.5273087,97.44359,235.6941,0.18657175,3.7980359,2.6330901363984136,3.1823823112979395,1.978329016835076,3.1015894094092333,2.3963058396578463,3.2211670374897765,5.737622579104964,False,False,False,False,1.9923038,-3.611464,-5.737622579104964,2.050477151459433,2.585497841645089,1.6528049621095198,2.3705774213065025,2.110054549268826,2.608343261288016,-1.378692350604318,-2.934088609435342,28.972287513993003,2.737591927701777,15.907044795426456,26.74732233719392,0,0,False,False,False,False,False
MCYHF1-P-613_t011_tr2,30,0031_vid,1029.2333333333333,30877,1139,1151,30001139,30001151,30000112,1.0,0,female,male,FM,447.89633,521.5036,349.68954,514.54706,414.07025,530.31226,-1.4258854,0.42346427,-1.4258854,2.1391714,102.22202,235.51724,0.56174934,1.7120566,2.6523201630173885,3.088202376421284,2.0707663008635033,3.0470076224761176,2.452011322539466,3.1403648324130744,0.5769007985692465,False,False,False,False,1.136903,-1.1503073,-0.5769007985692465,2.0754719475384653,2.6422559139255424,1.6567475774870126,2.4332618405947417,2.1140263602965566,2.6649397300477538,-1.3814282000064857,-2.9365811228752134,31.76112303733826,2.6315475344657897,17.187075132131575,29.60137887597084,0,0,False,False,False,False,False
MCYHF1-P-613_t011_tr2,30,0031_vid,1029.2666666666667,30878,1139,1151,30001139,30001151,30000112,1.0,0,female,male,FM,0.0,0.0,181.10799,181.10799,148.62775,148.62775,0.0,0.0,0.106021196,-3.0355716,250.99164,250.99164,84.09652,2.0731857,0.0,0.0,0.7215698011330545,0.7215698011330545,0.5921621439568198,0.5921621439568198,-79.56960489052166,True,True,False,False,43.084854,82.02333,79.56960489052166,2.105774665964689,2.691701815246161,1.659094183575444,2.487019044359592,2.115019287719635,2.713597991687514,-1.3843931555748021,-2.939627528190613,35.21059183941947,2.5996223158306546,18.751556654771168,33.01823289526833,0,0,False,False,False,False,False
MCYHF1-P-613_t011_tr2,30,0031_vid,1029.3,30879,1139,1151,30001139,30001151,30000112,1.0,0,female,male,FM,0.0,0.0,204.93912,204.93912,159.70311,159.70311,0.0,0.0,0.055182416,-3.0864103,249.22841,249.22841,2.0245109,1.8851397,0.0,0.0,0.8222943700812928,0.8222943700812928,0.6407901510968331,0.6407901510968331,0.0,True,True,False,False,1.9548253,0.13937116,-0.0,2.1436530639974682,2.753509191896934,1.6620274411859834,2.5542155490656544,2.1162604469984836,2.7744208187372146,-1.3880993500351941,-2.9434355348348618,38.85381477326155,2.5745460242033005,20.553626231849194,36.713059924542904,0,0,False,False,True,False,False
MC_920_t001_tr1,27,0028_vid,4.6,138,10,12,27000010,27000012,27000005,,0,male,male,MM,163.90399,65.47457,159.44481,204.00826,151.48747,153.9584,-3.027434,1.3375456,1.0294646,-0.7745824,170.92134,112.63348,0.7123847,,1.156065647678851,0.46181244159159357,1.1246136499078716,1.4389334451772,1.068488090099964,1.0859163392916937,,True,False,True,False,,,,1.061966567414258,1.0819529086211679,1.4865026005759976,1.4767656415594517,1.2410254667394276,1.250424775819109,1.8113516420125961,-1.7138044238090515,0.5429230332374573,0.6707399524748325,0.5970027763396502,-0.1860810872167349,0,0,False,False,False,False,False
MC_920_t001_tr1,27,0028_vid,4.633333333333334,139,10,12,27000010,27000012,27000005,1.0,0,male,male,MM,163.52637,100.59826,180.43474,203.99777,165.36026,172.85046,-3.0595171,0.48099482,1.4781425,-1.1824554,169.00182,110.350006,0.16615742,0.95715064,1.1707556877605099,0.7202262601200452,1.2918099973885164,1.4605079059785058,1.1838853162683631,1.2375109114514786,0.4407012024497692,True,False,False,False,0.56165403,-0.7909932,-0.4407012024497692,1.0596199806560007,1.0867753521827628,1.4851896504657287,1.473578112982428,1.2424089871698716,1.2521626025166015,1.810693475935194,-1.7153874503241644,0.5370313425858816,0.6630649401081933,0.5828569647338655,-0.18378203445010716,0,0,False,False,False,False,False
MC_920_t001_tr1,27,0028_vid,4.666666666666667,140,10,12,27000010,27000012,27000005,1.0,0,male,male,MM,162.88701,132.53984,203.25659,211.2795,175.69324,185.69212,-3.1018817,-0.056217432,1.6964988,-1.5013113,162.76631,121.26657,0.429775,0.93507326,1.146958810712944,0.9332711018723752,1.4312187368700293,1.4877115159200316,1.237133078680734,1.3075396176257075,-0.713906311426975,True,False,False,False,0.6824241,-0.50529826,0.713906311426975,1.0577427112493947,1.0935664134267473,1.486569702897574,1.4710280901208093,1.2443865857668677,1.255588210873519,1.8105686902999878,-1.716653871536255,0.5332256466150284,0.6569249302148819,0.5715403154492378,-0.1719137579202652,0,0,False,False,False,False,False
MC_920_t001_tr1,27,0028_vid,4.7,141,10,12,27000010,27000012,27000005,1.0,0,male,male,MM,164.65137,148.04654,217.9745,225.36543,184.82205,190.2335,-3.115596,-0.23929775,1.7709674,-1.609923,157.91808,132.91039,0.19003905,0.4011816,1.1322919826688032,1.0181021414044917,1.4989901747841812,1.549816907203427,1.2710038870427047,1.3082179426008778,-0.44000484132422635,True,False,False,False,0.29561034,-0.21114255,0.44000484132422635,1.0562067635530807,1.0995540733472189,1.4877000048777285,1.4689417077794849,1.2460233610112363,1.2583909813473608,1.811018683693626,-1.7180673750964077,0.5311551717194644,0.6467082094062458,0.5622812387618151,-0.15383415601470254,0,0,False,False,False,False,False
MC_920_t001_tr1,27,0028_vid,4.733333333333333,142,10,12,27000010,27000012,27000005,1.0,0,male,male,MM,163.39697,162.07022,226.30727,240.38237,189.87665,194.29204,-3.1242008,-0.39590454,1.8094456,-1.7280517,162.36586,144.55678,0.80329067,1.1260718,1.06474370058349,1.0560981883600085,1.4746860495835787,1.5664036488734834,1.2372932099369995,1.2660652160965418,-2.0264484625593915,True,False,False,False,0.96468127,-0.32278115,2.0264484625593915,1.053905490729194,1.1045437899476118,1.4886419231945238,1.466856159569568,1.2473701620219526,1.2590305009097924,1.811393678188324,-1.7192976872126262,0.5412103161215782,0.642954595386982,0.5686191308001677,-0.13876782109340033,0,0,False,False,False,False,False
MC_920_t001_tr1,27,0028_vid,4.766666666666667,143,10,12,27000010,27000012,27000005,1.0,0,male,male,MM,164.06645,172.6241,236.36772,244.5986,196.1155,195.86928,-3.1149235,-0.49468744,1.8722537,-1.7640265,161.1181,154.13747,0.49897438,0.44040656,1.0408472865899419,1.0951375103584897,1.4995308217011625,1.5517480164771682,1.244168305172713,1.2426062974293715,-0.7168924198064475,True,False,False,False,0.46969047,0.058567822,0.7168924198064475,1.051958259878213,1.108844797834518,1.4894795307719577,1.4650914649304074,1.248525619824489,1.261137284384868,1.8117109812222996,-1.7204036254149218,0.5497185152310592,0.6397784604476049,0.5739819625249276,-0.12601938385229844,0,0,False,False,False,False,False
MC_920_t001_tr1,27,0028_vid,4.8,144,10,12,27000010,27000012,27000005,1.0,0,male,male,MM,164.80748,179.84058,245.07826,243.76634,201.81975,196.80595,-3.0932598,-0.52916265,1.9005339,-1.7702215,160.93637,161.07947,0.5104504,0.30940685,1.0235985941755044,1.1169672705596145,1.5221503599143844,1.5140021882491306,1.2534771506134252,1.2223371050383276,-0.5174607724331248,True,False,False,False,0.40992862,0.20104358,0.5174607724331248,1.0501353600928798,1.1126422569897072,1.4904754862104188,1.463472238726616,1.2496049122192512,1.2631194551946818,1.8116225813116351,-1.721321438040052,0.5621754995414189,0.6376686649663108,0.5928557717374393,-0.11838004950966154,0,0,False,False,False,False,False
MC_920_t001_tr1,27,0028_vid,4.833333333333333,145,10,12,27000010,27000012,27000005,1.0,0,male,male,MM,165.29688,183.12651,254.65244,243.35176,205.96681,198.93195,-3.0882192,-0.4953637,1.9047539,-1.7322024,161.27943,176.4911,0.6518169,0.62485504,0.9787524738967471,1.0843249474953391,1.5078427891415527,1.4409294668941681,1.2195664734531284,1.1779117668716257,-1.3453836083627169,True,False,False,False,0.63833594,0.026961863,1.3453836083627169,1.0486991020644505,1.1160368771595233,1.4910439887750089,1.4619693872711192,1.2506232722877941,1.265001935872286,1.8112096190452576,-1.7220887502034505,0.5777915120124817,0.6364119410514831,0.6225383629401525,-0.11482799748579661,0,0,False,False,False,False,False
MC_920_t001_tr1,27,0028_vid,4.866666666666666,146,10,12,27000010,27000012,27000005,1.0,0,male,male,MM,166.75479,187.14973,251.86131,240.81949,206.77838,201.03337,-3.1002553,-0.4819088,1.8906704,-1.7328311,161.33507,171.27065,0.7964157,1.3179567,1.0027175409016607,1.1253549006755224,1.5144737634078687,1.4480778843662399,1.243384423860776,1.2088389536338966,0.7189520101474056,True,False,False,False,1.0571861,-0.521541,-0.7189520101474056,1.0445408904628826,1.124511019789343,1.490978763408811,1.4576077787605153,1.2531634210845688,1.2684381381894962,1.8114672303199768,-1.7263731280962626,0.6020433465639751,0.635437693198522,0.6549374530712764,-0.10843478987614313,0,0,False,False,False,False,False
MC_920_t001_tr1,27,0028_vid,4.9,147,10,12,27000010,27000012,27000005,1.0,0,male,male,MM,1144.6134,1125.3933,1227.055,1074.8107,1183.4375,1091.2283,-2.397175,-2.2423215,-1.9626151,-1.063344,89.427956,170.08832,185.80939,0.7819482,8.821130080898556,8.67300763359048,9.456478679884125,8.283185130980845,9.120333642635169,8.409709778685878,234.55237619990683,False,False,False,False,93.29567,185.02744,-234.55237619990683,1.0431378334599042,1.1317620105068193,1.4892271810033686,1.4535570323385505,1.2563939030403406,1.2720605182952915,1.8096850673357645,-1.7267480095227559,0.6307175954182943,0.6235510726769765,0.6841440965731939,-0.09497728447119395,0,0,False,False,False,False,False
MC_920_t001_tr1,27,0028_vid,4.933333333333334,148,10,12,27000010,27000012,27000005,1.0,0,male,male,MM,167.5834,192.08698,243.77437,239.00697,205.29073,209.06746,-3.1208162,-0.45144963,1.8155186,-1.7775238,161.59027,169.46378,185.46205,0.6188178,1.0124232357013228,1.1604568924773915,1.4727164387025453,1.4439151292604826,1.240224838193363,1.2630412540437255,-234.26120535591699,True,False,False,False,93.040436,184.84323,234.26120535591699,1.0389796218583363,1.1380287262669444,1.487212752654624,1.448165958599339,1.2587256736644468,1.2754967206125016,1.805337568124135,-1.7312304417292277,0.6396574169397354,0.6096280535062154,0.6910676529010137,-0.08858407686154048,0,0,False,False,False,False,False
MC_920_t001_tr1,27,0028_vid,4.966666666666667,149,10,12,27000010,27000012,27000005,1.0,0,male,male,MM,167.67351,191.80995,241.80234,234.72481,209.66708,209.94402,-3.1088638,-0.40260828,1.8054281,-1.7387727,164.60376,167.62502,0.15730812,0.32269773,1.0093858226344667,1.1546859646226084,1.4556375354826827,1.4130311724022635,1.2621849731398302,1.26385208799269,-0.09112239200568029,True,False,False,False,0.24000293,-0.16538961,0.09112239200568029,1.037576564855358,1.143397933042065,1.4849715214903758,1.4431872690314878,1.2617607137364608,1.2787794083197708,1.802207068602244,-1.7316053231557211,0.6288628111282984,0.5990373452504476,0.6767945796251297,-0.09347069462140402,0,0,False,False,False,False,False
MC_920_t001_tr1,27,0028_vid,5.0,150,10,12,27000010,27000012,27000005,1.0,0,male,male,MM,168.885,192.06384,237.39996,232.63586,208.5548,212.10606,-3.117682,-0.35396338,1.7685611,-1.7269949,163.98988,165.77222,0.096058235,0.37002128,1.02428383610066,1.164863049122151,1.4398256392758433,1.410931481227242,1.2648803132473958,1.2864186860857767,0.4469404039858005,True,False,False,False,0.23303977,-0.27396303,-0.4469404039858005,1.037470335276684,1.1487505268544063,1.484661471744775,1.4395093483287968,1.2656990368632537,1.281548909688138,1.7989906827608744,-1.7316191792488098,0.6378026326497396,0.5955872039000193,0.6837181359529495,-0.09374679724375407,0,0,False,False,False,False,False
MC_920_t001_tr1,27,0028_vid,5.033333333333333,151,10,12,27000010,27000012,27000005,1.0,0,male,male,MM,171.60576,193.4344,237.46019,233.95975,210.61188,216.36685,-3.134875,-0.29875338,1.7066711,-1.7336749,170.14793,163.52342,0.35719267,0.42229193,1.028591489666439,1.1594306725519339,1.4233177970252273,1.4023364185530975,1.2623911134549257,1.2968859794857077,0.12922960697336672,True,False,False,False,0.3897423,-0.06509927,-0.12922960697336672,1.0372291244685943,1.152580028032686,1.485374001899146,1.4380094513538175,1.2672929377920021,1.2828708850913106,1.7982439015592853,-1.7318740018776484,0.6468992190701621,0.5937122596161706,0.6896983608603477,-0.08699541964701243,0,0,False,False,False,False,False
MC_920_t001_tr1,27,0028_vid,5.066666666666666,152,10,12,27000010,27000012,27000005,1.0,0,male,male,MM,174.37422,194.40027,244.82474,235.3143,214.81479,215.8333,-3.1163447,-0.30798542,1.7599115,-1.6896665,163.86992,170.27702,0.23367082,0.60166484,1.043697845538817,1.1635615595369468,1.465371707320459,1.4084480260750272,1.2857504392735737,1.2918466130384088,0.45319067617134223,True,False,False,False,0.41766784,-0.367994,-0.45319067617134223,1.0374221811101638,1.1561590770768118,1.4862719063419216,1.4367568787523903,1.269101904967022,1.2843650554046262,1.7975367491061869,-1.732008383824275,0.6578366664739755,0.5917810637217301,0.6995479246744742,-0.08096509713392991,0,0,False,False,False,False,False
MC_920_t001_tr1,27,0028_vid,5.1,153,10,12,27000010,27000012,27000005,1.0,0,male,male,MM,177.32394,196.8318,251.06976,239.00157,220.4198,216.29083,-3.1019185,-0.32048535,1.7827132,-1.6793648,162.34898,172.63335,0.48989782,0.4026701,1.0587062542743946,1.1751772231019137,1.499003024679273,1.4269503195905582,1.3160085165843545,1.291356665358745,0.4502522620673255,True,False,False,False,0.44628394,0.08722773,-0.4502522620673255,1.0371367556535156,1.1594250609532448,1.4874015286452031,1.4358134616179026,1.271179704949881,1.2860744693556208,1.7968791325887041,-1.7323381106058757,0.6710751901070277,0.5902427087227503,0.7148708974321684,-0.07202334826191266,0,0,False,False,False,False,False
MC_920_t001_tr1,27,0028_vid,5.133333333333334,154,10,12,27000010,27000012,27000005,1.0,0,male,male,MM,184.25694,206.42667,259.67923,239.13242,228.82571,214.07567,-3.0958683,-0.45068598,1.9283732,-1.6639055,157.40546,163.92586,1.3109738,1.2824585,1.1468346511612335,1.2848213492441083,1.616270922578618,1.4883853847297532,1.4242353862184443,1.3324295451457775,2.643851906605168,True,False,False,False,1.2967162,0.02851522,-2.643851906605168,1.036799434659295,1.1625223482512197,1.488557481287169,1.4346985140953266,1.2727890280713772,1.2878934923791734,1.7961019494316792,-1.7327277877114036,0.6875458603555505,0.5892043330452659,0.7371600270271301,-0.0635355060750788,0,0,False,False,False,False,False
MC_920_t001_tr1,27,0028_vid,5.166666666666667,155,10,12,27000010,27000012,27000005,1.0,0,male,male,MM,192.24355,225.35837,275.14072,244.3143,239.7543,206.75685,-3.0763907,-0.8380999,2.233657,-1.7460357,160.00983,149.23013,1.5316483,0.544541,1.243329262546043,1.4574983655172244,1.779464185706849,1.5800952810940303,1.5506036360765505,1.3371936239135316,2.8948383415442858,True,False,False,False,1.0380946,0.9871073,-2.8948383415442858,1.0363946494662304,1.163305986614081,1.4875142119374678,1.4333605770682352,1.2738494335645316,1.288040973008513,1.7947675824165348,-1.7331954002380372,0.7064030081033706,0.5879582822322845,0.7639069825410842,-0.06337912976741791,0,0,False,False,False,False,False
MC_920_t001_tr1,27,0028_vid,5.2,156,10,12,27000010,27000012,27000005,1.0,0,male,male,MM,0.0,0.0,130.35211,130.35211,103.56669,103.56669,0.0,0.0,-0.8374146,2.304178,151.97426,151.97426,1.4820988,39.64611,0.0,0.0,0.8577249408496268,0.8577249408496268,0.6814752025269621,0.6814752025269621,-37.299877876381295,True,False,False,False,20.564104,-38.164013,37.299877876381295,1.0358999120080403,1.1637365770654304,1.4862376771883783,1.4317253207017901,1.275122580243377,1.2882212271110391,1.7924619118372602,-1.7333057324091594,0.7281755175855424,0.5927824245558845,0.7965977059470283,-0.07341701785723369,0,0,False,False,False,False,False
MC_920_t001_tr1,27,0028_vid,5.233333333333333,157,10,12,27000010,27000012,27000005,1.0,0,male,male,MM,187.34424,240.95052,264.0679,211.76703,235.56027,190.019,-3.0551248,-1.1323757,2.38367,-1.8902981,144.22281,120.43574,0.94056416,38.56589,1.4157429699194204,1.8208406188359099,1.9955365519507802,1.6003037245607978,1.780107050223664,1.435955874033294,42.47228909758261,True,False,False,False,19.753227,-37.625328,-42.47228909758261,1.0368134648007403,1.1642748151296174,1.4846420087520165,1.4302015946319537,1.2767397811313201,1.2909907284878515,1.7895798236131668,-1.7333650588989258,0.7377203442156315,0.5916721224784851,0.8163804262876511,-0.0859643779695034,0,0,False,False,False,False,True
