video,sequence,start_frame,end_frame,frames,mean_score
0031_vid,0031_vid-000,98168,98171,4,0.502960205078125
0031_vid,0031_vid-000,98233,98301,69,0.7386862635612488
0031_vid,0031_vid-000,98509,98514,6,0.5080860257148743
0031_vid,0031_vid-000,98655,98713,59,0.7899634838104248
0031_vid,0031_vid-000,98819,98832,14,0.611232578754425
0031_vid,0031_vid-000,98926,98960,35,0.6835774779319763
0031_vid,0031_vid-000,98983,99136,154,0.874866247177124
0031_vid,0031_vid-002,119778,119802,25,0.6118625402450562
0031_vid,0031_vid-002,119854,119944,91,0.9111472964286804
0031_vid,0031_vid-002,119957,120057,101,0.6828694343566895
0031_vid,0031_vid-002,120071,120091,21,0.6028397679328918
0031_vid,0031_vid-002,120149,120366,218,0.8550006151199341
0031_vid,0031_vid-002,120425,120597,173,0.7894671559333801
0031_vid,0031_vid-002,120610,120692,83,0.838309109210968
0031_vid,0031_vid-003,121418,121439,22,0.677861750125885
0031_vid,0031_vid-003,121472,121512,41,0.7129418253898621
0031_vid,0031_vid-003,121524,121633,110,0.8135165572166443
0031_vid,0031_vid-003,121724,121763,40,0.7680063843727112
0031_vid,0031_vid-004,122657,122926,270,0.8092308044433594
0031_vid,0031_vid-004,123074,123166,93,0.8734466433525085
0031_vid,0031_vid-004,123196,123827,632,0.8958238959312439
0031_vid,0031_vid-004,123832,124133,302,0.8070846199989319
0031_vid,0031_vid-004,124140,124158,19,0.6145986914634705
0031_vid,0031_vid-004,124178,124295,118,0.8686043620109558
0031_vid,0031_vid-004,124319,124610,292,0.8588340282440186
0031_vid,0031_vid-004,124658,124661,4,0.5077350735664368
0031_vid,0031_vid-004,124702,125157,456,0.9130542278289795
0031_vid,0031_vid-004,125161,125203,43,0.7438125610351562
0031_vid,0031_vid-004,125217,125283,67,0.7942458391189575
0031_vid,0031_vid-005,129068,129121,54,0.6936856508255005
0031_vid,0031_vid-005,129159,129219,61,0.8143516182899475
0031_vid,0031_vid-005,129302,129315,14,0.5636268258094788
0031_vid,0031_vid-005,129356,129456,101,0.8061771392822266
0031_vid,0031_vid-006,129919,129926,8,0.5298842787742615
0031_vid,0031_vid-006,129949,130043,95,0.7776967883110046
0031_vid,0031_vid-006,130083,130228,146,0.791098415851593
0031_vid,0031_vid-006,130278,130330,53,0.5933142900466919
0031_vid,0031_vid-006,130380,130398,19,0.6500646471977234
0031_vid,0031_vid-007,138157,138358,202,0.8530264496803284
0031_vid,0031_vid-007,138446,138519,74,0.8749508261680603
0031_vid,0031_vid-007,138528,138533,6,0.5288151502609253
0031_vid,0031_vid-007,138592,138691,100,0.8914079070091248
0031_vid,0031_vid-008,139106,139140,35,0.7479017972946167
0031_vid,0031_vid-008,139197,139216,20,0.6043319702148438
0031_vid,0031_vid-008,139249,139274,26,0.6393622159957886
0031_vid,0031_vid-008,139315,139470,156,0.8672943115234375
0031_vid,0031_vid-009,151793,151820,28,0.641630232334137
0031_vid,0031_vid-009,151826,151863,38,0.7960386276245117
0031_vid,0031_vid-009,151940,151962,23,0.6702180504798889
0031_vid,0031_vid-009,152041,152073,33,0.7161535620689392
0031_vid,0031_vid-009,152126,152184,59,0.8351256251335144
0031_vid,0031_vid-010,172241,172261,21,0.7299055457115173
0031_vid,0031_vid-010,172357,172434,78,0.7374053001403809
0031_vid,0031_vid-010,172495,172642,148,0.7664304971694946
0031_vid,0031_vid-010,172722,172724,3,0.5142781138420105
0031_vid,0031_vid-011,178863,178960,98,0.8132057785987854
0031_vid,0031_vid-011,178962,179010,49,0.7051742076873779
0031_vid,0031_vid-011,179035,179185,151,0.7953208684921265
0031_vid,0031_vid-012,180602,180636,35,0.7059195637702942
0031_vid,0031_vid-012,180686,180699,14,0.5213621854782104
0031_vid,0031_vid-012,180743,180792,50,0.8225075006484985
0031_vid,0031_vid-012,180854,180898,45,0.8345015645027161
0031_vid,0031_vid-012,180979,181358,380,0.8442563414573669
0031_vid,0031_vid-012,181372,181479,108,0.8760901689529419
0031_vid,0031_vid-012,181523,181558,36,0.6510604619979858
0031_vid,0031_vid-013,183661,183718,58,0.7916680574417114
0031_vid,0031_vid-013,183775,183825,51,0.6026756167411804
0031_vid,0031_vid-013,183857,183985,129,0.876435399055481
0031_vid,0031_vid-013,184013,184101,89,0.8102582693099976
0031_vid,0031_vid-013,184181,184282,102,0.7697584629058838
0031_vid,0031_vid-013,184320,184526,207,0.8415990471839905
0031_vid,0031_vid-013,184540,184605,66,0.801746129989624
0031_vid,0031_vid-013,184693,184731,39,0.7579790949821472
0031_vid,0031_vid-013,184798,184862,65,0.7579039335250854
0031_vid,0031_vid-013,184959,184993,35,0.6865324378013611
0031_vid,0031_vid-013,185080,185116,37,0.6800372004508972
0031_vid,0031_vid-013,185217,185250,34,0.7368830442428589
0031_vid,0031_vid-013,185341,185376,36,0.7839329242706299
0031_vid,0031_vid-014,189185,189266,82,0.70102459192276
0031_vid,0031_vid-014,189352,189441,90,0.721427321434021
0031_vid,0031_vid-014,189463,189516,54,0.8662328124046326
0031_vid,0031_vid-014,189519,189561,43,0.8343106508255005
0031_vid,0031_vid-014,189586,189636,51,0.7846999168395996
0031_vid,0031_vid-014,189842,189854,13,0.5640801787376404
0031_vid,0031_vid-014,189856,189859,4,0.5193877816200256
0031_vid,0031_vid-015,191707,191838,132,0.7945719957351685
0031_vid,0031_vid-015,191890,191915,26,0.7021624445915222
0031_vid,0031_vid-015,192075,192127,53,0.8263247609138489
0031_vid,0031_vid-016,210441,210451,11,0.5400777459144592
0031_vid,0031_vid-016,210769,210785,17,0.5719834566116333
0031_vid,0031_vid-018,214610,214636,27,0.6806926727294922
0031_vid,0031_vid-018,214925,214950,26,0.7059603929519653
0031_vid,0031_vid-019,217231,217243,13,0.5373914241790771
0031_vid,0031_vid-021,246873,246881,9,0.553523600101471
0031_vid,0031_vid-021,247287,247307,21,0.5950537323951721
0031_vid,0031_vid-021,247686,247710,25,0.8401081562042236
0031_vid,0031_vid-022,247718,247738,21,0.6157994270324707
0031_vid,0031_vid-022,247963,247988,26,0.681968629360199
0031_vid,0031_vid-022,248089,248096,8,0.5477787852287292
0031_vid,0031_vid-022,248419,248434,16,0.5904544591903687
0031_vid,0031_vid-022,248606,248642,37,0.7166481018066406
0031_vid,0031_vid-022,248744,248751,8,0.5441116690635681
0031_vid,0031_vid-024,262839,262875,37,0.8423581123352051
0031_vid,0031_vid-024,263177,263185,9,0.534587562084198
0031_vid,0031_vid-025,263534,263587,54,0.792232096195221
0031_vid,0031_vid-025,263993,264021,29,0.6668938398361206
0031_vid,0031_vid-026,264803,264827,25,0.6057782769203186
0031_vid,0031_vid-026,264986,265005,20,0.6297463178634644
0031_vid,0031_vid-027,265622,265633,12,0.5656824707984924
0031_vid,0031_vid-027,265823,265850,28,0.6392079591751099
0031_vid,0031_vid-027,265994,266011,18,0.5577465891838074
0031_vid,0031_vid-028,266841,266873,33,0.7288891077041626
0031_vid,0031_vid-028,266938,266974,37,0.6279230713844299
0031_vid,0031_vid-028,267444,267464,21,0.5470187067985535
0031_vid,0031_vid-028,267619,267644,26,0.5967273712158203
0031_vid,0031_vid-028,267701,267750,50,0.6511356830596924
0031_vid,0031_vid-028,267817,267819,3,0.5067976117134094
0031_vid,0031_vid-029,269107,269142,36,0.703690230846405
0031_vid,0031_vid-029,269256,269339,84,0.7539836168289185
0031_vid,0031_vid-029,269364,269403,40,0.574222981929779
0031_vid,0031_vid-029,269492,269493,2,0.5010266304016113
0031_vid,0031_vid-029,269669,269718,50,0.6805484294891357
0031_vid,0031_vid-029,269763,269778,16,0.6192447543144226
0031_vid,0031_vid-029,269969,269988,20,0.5638946294784546
0031_vid,0031_vid-029,270016,270046,31,0.7795365452766418
0031_vid,0031_vid-029,270087,270129,43,0.7799513936042786
0031_vid,0031_vid-029,270385,270398,14,0.5986810326576233
0031_vid,0031_vid-029,270720,270747,28,0.6491822600364685
0031_vid,0031_vid-029,270961,271007,47,0.7235874533653259
0031_vid,0031_vid-029,271076,271100,25,0.746839165687561
0031_vid,0031_vid-029,271158,271239,82,0.7823468446731567
0031_vid,0031_vid-030,272558,272579,22,0.5856634378433228
0031_vid,0031_vid-030,272863,272912,50,0.8657430410385132
0031_vid,0031_vid-031,273713,273727,15,0.5774495601654053
0031_vid,0031_vid-031,274376,274401,26,0.6489438414573669
0031_vid,0031_vid-031,274497,274540,44,0.7988457083702087
0031_vid,0031_vid-031,274610,274683,74,0.671986997127533
0031_vid,0031_vid-031,274694,274705,12,0.5444434881210327
0031_vid,0031_vid-031,274764,274799,36,0.7788269519805908
0031_vid,0031_vid-032,276446,276508,63,0.7599546313285828
0031_vid,0031_vid-032,276823,276876,54,0.8349239230155945
0031_vid,0031_vid-033,277726,277732,7,0.5282453894615173
0031_vid,0031_vid-033,278201,278214,14,0.5649020075798035
0031_vid,0031_vid-033,278544,278606,63,0.6965019702911377
0031_vid,0031_vid-033,278669,278701,33,0.6880971193313599
0031_vid,0031_vid-034,284262,284279,18,0.6059565544128418
0031_vid,0031_vid-034,284411,284453,43,0.6767072677612305
0031_vid,0031_vid-034,284627,284669,43,0.6720727682113647
0031_vid,0031_vid-034,284736,284793,58,0.8556830286979675
0031_vid,0031_vid-034,284857,284902,46,0.8137006163597107
0031_vid,0031_vid-034,284978,285027,50,0.8222451210021973
0031_vid,0031_vid-034,285130,285166,37,0.8249459266662598
0031_vid,0031_vid-035,285947,286081,135,0.7242459654808044
0031_vid,0031_vid-035,286129,286182,54,0.8102404475212097
0031_vid,0031_vid-035,286263,286265,3,0.5159778594970703
0031_vid,0031_vid-035,286268,286269,2,0.5383756160736084
0031_vid,0031_vid-035,286272,286372,101,0.7359198331832886
0031_vid,0031_vid-036,287433,287529,97,0.7199756503105164
0031_vid,0031_vid-037,290386,290505,120,0.7694225311279297
0031_vid,0031_vid-037,290529,290561,33,0.6715415716171265
0031_vid,0031_vid-037,290665,290721,57,0.6677659749984741
0031_vid,0031_vid-037,290801,290857,57,0.7608286142349243
0031_vid,0031_vid-037,290887,290921,35,0.7290452718734741
0031_vid,0031_vid-037,291017,291058,42,0.7743920683860779
0031_vid,0031_vid-037,291079,291117,39,0.7882648706436157
0031_vid,0031_vid-037,291209,291254,46,0.6559436321258545
0031_vid,0031_vid-037,291605,291638,34,0.7366296052932739
0031_vid,0031_vid-037,291682,291757,76,0.7747588753700256
0031_vid,0031_vid-037,291790,291881,92,0.8131545782089233
0031_vid,0031_vid-038,297490,297501,12,0.5708912014961243
0031_vid,0031_vid-038,297608,297652,45,0.7187216877937317
0031_vid,0031_vid-039,298243,298255,13,0.5514824390411377
0031_vid,0031_vid-039,298439,298477,39,0.7965344190597534
0031_vid,0031_vid-040,299132,299141,10,0.5434116721153259
0031_vid,0031_vid-040,299181,299207,27,0.5980343222618103
0031_vid,0031_vid-040,299301,299340,40,0.8160709142684937
0031_vid,0031_vid-041,300839,300871,33,0.7846728563308716
0031_vid,0031_vid-041,300990,301036,47,0.7125604748725891
0031_vid,0031_vid-041,301082,301158,77,0.8625129461288452
0031_vid,0031_vid-041,301220,301305,86,0.877676784992218
0031_vid,0031_vid-041,301367,301415,49,0.842958927154541
0031_vid,0031_vid-042,302641,302660,20,0.5633965730667114
0031_vid,0031_vid-042,302689,302804,116,0.6616417169570923
0031_vid,0031_vid-042,302874,302903,30,0.6149070262908936
0031_vid,0031_vid-042,302906,302907,2,0.5180535316467285
0031_vid,0031_vid-042,302910,303015,106,0.7398602962493896
0031_vid,0031_vid-042,303120,303126,7,0.5131909251213074
0031_vid,0031_vid-042,303233,303253,21,0.5812969207763672
0031_vid,0031_vid-042,303333,303400,68,0.8548148274421692
0031_vid,0031_vid-042,303579,303596,18,0.612145721912384
0031_vid,0031_vid-043,310617,310651,35,0.7990010380744934
0031_vid,0031_vid-043,310795,310832,38,0.8281912803649902
0031_vid,0031_vid-044,311094,311105,12,0.5894304513931274
0031_vid,0031_vid-044,311194,311212,19,0.6198089122772217
0031_vid,0031_vid-045,311665,311712,48,0.8447132110595703
0031_vid,0031_vid-046,312522,312524,3,0.5032500624656677
0031_vid,0031_vid-046,312555,312598,44,0.7411954402923584
0031_vid,0031_vid-046,312644,312676,33,0.644622266292572
0031_vid,0031_vid-046,313026,313049,24,0.6083412170410156
0031_vid,0031_vid-046,313159,313169,11,0.5422244668006897
0031_vid,0031_vid-047,314424,314476,53,0.7197847366333008
0031_vid,0031_vid-047,314726,314741,16,0.6011098623275757
0031_vid,0031_vid-048,315467,315498,32,0.6454471945762634
0031_vid,0031_vid-048,315556,315602,47,0.852576494216919
0031_vid,0031_vid-048,315714,315732,19,0.5811716318130493
0031_vid,0031_vid-048,315812,315859,48,0.8489919304847717
0031_vid,0031_vid-048,315870,315914,45,0.6686529517173767
0031_vid,0031_vid-048,315957,315981,25,0.6038323640823364
0031_vid,0031_vid-048,315994,316024,31,0.6426274180412292
0031_vid,0031_vid-048,316059,316101,43,0.8942826986312866
0031_vid,0031_vid-049,317309,317326,18,0.6291321516036987
0031_vid,0031_vid-050,317824,317830,7,0.5199652314186096
0031_vid,0031_vid-050,317971,318001,31,0.6414191126823425
0031_vid,0031_vid-050,318109,318141,33,0.8054184317588806
0031_vid,0031_vid-050,318228,318262,35,0.725468635559082
0031_vid,0031_vid-050,318344,318382,39,0.6780475378036499
0031_vid,0031_vid-050,318459,318519,61,0.7216548323631287
0031_vid,0031_vid-050,318566,318614,49,0.8210596442222595
0031_vid,0031_vid-051,319412,319433,22,0.5870391130447388
0031_vid,0031_vid-051,319681,319704,24,0.7209846377372742
0031_vid,0031_vid-051,319800,319830,31,0.6573355197906494
0031_vid,0031_vid-051,319903,319951,49,0.7906329035758972
0031_vid,0031_vid-051,320029,320057,29,0.7272129654884338
0031_vid,0031_vid-051,320281,320305,25,0.6363203525543213
0031_vid,0031_vid-051,320418,320444,27,0.6190003156661987
0031_vid,0031_vid-051,320564,320569,6,0.5107007622718811
0031_vid,0031_vid-051,320596,320613,18,0.6288151144981384
0031_vid,0031_vid-051,320658,320688,31,0.7711885571479797
0031_vid,0031_vid-052,323120,323167,48,0.7032406330108643
0031_vid,0031_vid-053,324165,324181,17,0.6560685038566589
0031_vid,0031_vid-053,324781,324811,31,0.694442629814148
0031_vid,0031_vid-053,324937,324942,6,0.5022234320640564
0031_vid,0031_vid-053,325165,325179,15,0.5758956670761108
0031_vid,0031_vid-054,330277,330294,18,0.6106870770454407
0031_vid,0031_vid-054,330451,330547,97,0.7343322038650513
0031_vid,0031_vid-055,337028,337062,35,0.7692288756370544
0031_vid,0031_vid-055,337283,337304,22,0.7237693071365356
0031_vid,0031_vid-055,337398,337420,23,0.5894482731819153
0031_vid,0031_vid-055,337634,337659,26,0.600871205329895
0031_vid,0031_vid-055,337892,337911,20,0.6597127914428711
0031_vid,0031_vid-055,338239,338272,34,0.688112199306488
0031_vid,0031_vid-055,338275,338275,1,0.508084237575531
0031_vid,0031_vid-057,345459,345462,4,0.5049363970756531
0031_vid,0031_vid-059,348234,348328,95,0.7409452795982361
0031_vid,0031_vid-059,348411,348451,41,0.7160398364067078
0031_vid,0031_vid-059,348496,348536,41,0.652732789516449
