VideoID,EventID,StartFrame,EndFrame,Source,Circling,ShouldUse,Notes
0031_vid,0031_vid_evt_0000,97980,98040,finalized,true,,
0031_vid,0031_vid_evt_0001,98132,98362,labeled_repo,true,,Very short
0031_vid,0031_vid_evt_0002,98132,98362,merged_spans,true,,
0031_vid,0031_vid_evt_0003,98250,98370,finalized,true,,
0031_vid,0031_vid_evt_0004,98610,98730,finalized,true,,
0031_vid,0031_vid_evt_0005,98648,98714,labeled_repo,,,I would like second eyes on this it’s a less than 2 second clip
0031_vid,0031_vid_evt_0006,98648,98714,merged_spans,false,,contentious
0031_vid,0031_vid_evt_0007,98918,99205,labeled_repo,true,,
0031_vid,0031_vid_evt_0008,98940,99210,finalized,true,,
0031_vid,0031_vid_evt_0009,98980,99205,merged_spans,true,,
0031_vid,0031_vid_evt_0010,104370,104430,finalized,true,,
0031_vid,0031_vid_evt_0011,104742,104804,labeled_repo,false,,Unreciprocated event one started the quivering but the other just held still
0031_vid,0031_vid_evt_0012,104742,104804,merged_spans,false,,
0031_vid,0031_vid_evt_0013,107040,107130,finalized,true,,
0031_vid,0031_vid_evt_0014,107880,108030,finalized,true,,
0031_vid,0031_vid_evt_0015,115470,115590,finalized,true,,
0031_vid,0031_vid_evt_0016,119879,120687,labeled_repo,true,,
0031_vid,0031_vid_evt_0017,119900,120708,merged_spans,true,,
0031_vid,0031_vid_evt_0018,119910,120150,finalized,true,,
0031_vid,0031_vid_evt_0019,121451,121749,labeled_repo,true,,
0031_vid,0031_vid_evt_0020,121503,121795,merged_spans,true,,
0031_vid,0031_vid_evt_0021,121590,121680,finalized,true,,
0031_vid,0031_vid_evt_0022,122748,125284,merged_spans,true,,
0031_vid,0031_vid_evt_0023,122820,122910,finalized,true,,
0031_vid,0031_vid_evt_0024,122835,125260,labeled_repo,true,,
0031_vid,0031_vid_evt_0025,122970,123600,finalized,true,,
0031_vid,0031_vid_evt_0026,123750,123840,finalized,true,,
0031_vid,0031_vid_evt_0027,124020,124080,finalized,true,,
0031_vid,0031_vid_evt_0028,124140,124200,finalized,true,,
0031_vid,0031_vid_evt_0029,124410,124830,finalized,true,,
0031_vid,0031_vid_evt_0030,124920,124980,finalized,true,,
0031_vid,0031_vid_evt_0031,125040,125130,finalized,true,,
0031_vid,0031_vid_evt_0032,129208,129306,merged_spans,true,,
0031_vid,0031_vid_evt_0033,129990,130260,finalized,true,,
0031_vid,0031_vid_evt_0034,130018,130295,labeled_repo,true,,I would say a very weak event
0031_vid,0031_vid_evt_0035,130018,130295,merged_spans,true,,
0031_vid,0031_vid_evt_0036,130950,131070,finalized,true,,
0031_vid,0031_vid_evt_0037,133020,133110,finalized,true,,
0031_vid,0031_vid_evt_0038,138150,138750,finalized,true,,
0031_vid,0031_vid_evt_0039,138159,138688,labeled_repo,true,,
0031_vid,0031_vid_evt_0040,138159,138700,merged_spans,true,,
0031_vid,0031_vid_evt_0041,139230,139440,finalized,true,,
0031_vid,0031_vid_evt_0042,139236,139479,labeled_repo,true,,
0031_vid,0031_vid_evt_0043,139256,139491,merged_spans,true,,
0031_vid,0031_vid_evt_0044,148320,148440,finalized,true,,
0031_vid,0031_vid_evt_0045,150090,150150,finalized,true,,
0031_vid,0031_vid_evt_0046,151620,151710,finalized,true,,
0031_vid,0031_vid_evt_0047,151880,152183,merged_spans,false,,
0031_vid,0031_vid_evt_0048,152100,152160,finalized,true,,
0031_vid,0031_vid_evt_0049,153630,153750,finalized,true,,
0031_vid,0031_vid_evt_0050,156990,157080,finalized,true,,
0031_vid,0031_vid_evt_0051,157650,157800,finalized,true,,
0031_vid,0031_vid_evt_0052,157980,158070,finalized,true,,
0031_vid,0031_vid_evt_0053,162810,162870,finalized,true,,
0031_vid,0031_vid_evt_0054,172320,172380,finalized,true,,
0031_vid,0031_vid_evt_0055,172355,172584,merged_spans,false,,
0031_vid,0031_vid_evt_0056,172530,172620,finalized,true,,
0031_vid,0031_vid_evt_0057,178800,179160,finalized,true,,
0031_vid,0031_vid_evt_0058,178852,179220,labeled_repo,true,,
0031_vid,0031_vid_evt_0059,178863,179209,merged_spans,true,,
0031_vid,0031_vid_evt_0060,180600,180960,finalized,true,,
0031_vid,0031_vid_evt_0061,180660,181538,merged_spans,true,,
0031_vid,0031_vid_evt_0062,180814,181582,labeled_repo,true,,
0031_vid,0031_vid_evt_0063,181350,181410,finalized,true,,
0031_vid,0031_vid_evt_0064,181560,181650,finalized,true,,
0031_vid,0031_vid_evt_0065,183750,184110,finalized,true,,
0031_vid,0031_vid_evt_0066,183808,185516,merged_spans,true,,
0031_vid,0031_vid_evt_0067,183826,185488,labeled_repo,true,,
0031_vid,0031_vid_evt_0068,184200,185310,finalized,true,,
0031_vid,0031_vid_evt_0069,185370,185490,finalized,true,,
0031_vid,0031_vid_evt_0070,186270,186330,finalized,true,,
0031_vid,0031_vid_evt_0071,188100,188190,finalized,true,,
0031_vid,0031_vid_evt_0072,189090,189240,finalized,true,,
0031_vid,0031_vid_evt_0073,189149,189705,labeled_repo,true,,
0031_vid,0031_vid_evt_0074,189155,189709,merged_spans,true,,
0031_vid,0031_vid_evt_0075,189390,189690,finalized,true,,
0031_vid,0031_vid_evt_0076,191040,191130,finalized,true,,
0031_vid,0031_vid_evt_0077,191857,192129,merged_spans,false,,
0031_vid,0031_vid_evt_0078,192030,192090,finalized,true,,
0031_vid,0031_vid_evt_0079,193590,193710,finalized,true,,
0031_vid,0031_vid_evt_0080,204990,205110,finalized,true,,
0031_vid,0031_vid_evt_0081,210420,210510,finalized,true,,
0031_vid,0031_vid_evt_0082,210496,210641,labeled_repo,true,,
0031_vid,0031_vid_evt_0083,210496,210641,merged_spans,true,,
0031_vid,0031_vid_evt_0084,210510,210630,finalized,true,,
0031_vid,0031_vid_evt_0085,212820,212940,finalized,true,,
0031_vid,0031_vid_evt_0086,212831,213004,labeled_repo,,,
0031_vid,0031_vid_evt_0087,212861,213004,merged_spans,true,,
0031_vid,0031_vid_evt_0088,213123,213455,merged_spans,false,,
0031_vid,0031_vid_evt_0089,213240,213360,finalized,true,,
0031_vid,0031_vid_evt_0090,214470,214590,finalized,true,,
0031_vid,0031_vid_evt_0091,214472,215165,merged_spans,true,,
0031_vid,0031_vid_evt_0092,214591,215157,labeled_repo,true,,
0031_vid,0031_vid_evt_0093,214650,215100,finalized,true,,
0031_vid,0031_vid_evt_0094,216930,217080,finalized,true,,
0031_vid,0031_vid_evt_0095,216987,217110,labeled_repo,true,,
0031_vid,0031_vid_evt_0096,216987,217110,merged_spans,true,,
0031_vid,0031_vid_evt_0097,218910,218970,finalized,true,,
0031_vid,0031_vid_evt_0098,219074,219989,labeled_repo,true,,
0031_vid,0031_vid_evt_0099,219115,220009,merged_spans,true,,
0031_vid,0031_vid_evt_0100,219120,219180,finalized,true,,
0031_vid,0031_vid_evt_0101,219270,219360,finalized,true,,
0031_vid,0031_vid_evt_0102,219420,219930,finalized,true,,
0031_vid,0031_vid_evt_0103,220620,220680,finalized,true,,
0031_vid,0031_vid_evt_0104,223830,223950,finalized,true,,
0031_vid,0031_vid_evt_0105,237540,237630,finalized,true,,
0031_vid,0031_vid_evt_0106,246870,246960,finalized,true,,
0031_vid,0031_vid_evt_0107,246907,247523,labeled_repo,true,,
0031_vid,0031_vid_evt_0108,247017,247560,merged_spans,true,,
0031_vid,0031_vid_evt_0109,247020,247530,finalized,true,,
0031_vid,0031_vid_evt_0110,247645,248839,labeled_repo,true,,
0031_vid,0031_vid_evt_0111,247830,247890,finalized,true,,
0031_vid,0031_vid_evt_0112,247862,248868,merged_spans,true,,
0031_vid,0031_vid_evt_0113,248070,248580,finalized,true,,
0031_vid,0031_vid_evt_0114,248640,248850,finalized,true,,
0031_vid,0031_vid_evt_0115,250290,250410,finalized,true,,
0031_vid,0031_vid_evt_0116,251670,251760,finalized,true,,
0031_vid,0031_vid_evt_0117,255405,255563,labeled_repo,false,,NEEDS SECOND EYES
0031_vid,0031_vid_evt_0118,255716,256136,labeled_repo,false,,No Quivering NEEDS SECOND EYES
0031_vid,0031_vid_evt_0119,255877,255979,merged_spans,true,,contentious
0031_vid,0031_vid_evt_0120,257400,257520,finalized,true,,
0031_vid,0031_vid_evt_0121,257700,257790,finalized,true,,
0031_vid,0031_vid_evt_0122,257970,258030,finalized,true,,
0031_vid,0031_vid_evt_0123,259320,259410,finalized,true,,
0031_vid,0031_vid_evt_0124,261810,261870,finalized,true,,
0031_vid,0031_vid_evt_0125,262865,263222,labeled_repo,false,,
0031_vid,0031_vid_evt_0126,262877,263236,merged_spans,true,,
0031_vid,0031_vid_evt_0127,262920,263130,finalized,true,,
0031_vid,0031_vid_evt_0128,263417,263685,labeled_repo,true,,
0031_vid,0031_vid_evt_0129,263460,263670,finalized,true,,
0031_vid,0031_vid_evt_0130,263555,263687,merged_spans,true,,
0031_vid,0031_vid_evt_0131,263837,263931,labeled_repo,false,,Looks like an attempted start but unreciprocated
0031_vid,0031_vid_evt_0132,263837,263931,merged_spans,false,,
0031_vid,0031_vid_evt_0133,263880,263940,finalized,true,,
0031_vid,0031_vid_evt_0134,264707,265093,labeled_repo,true,,
0031_vid,0031_vid_evt_0135,264712,265114,merged_spans,true,,
0031_vid,0031_vid_evt_0136,264720,264840,finalized,true,,
0031_vid,0031_vid_evt_0137,264900,265080,finalized,true,,
0031_vid,0031_vid_evt_0138,265490,266247,merged_spans,true,,
0031_vid,0031_vid_evt_0139,265510,266227,original,true,,
0031_vid,0031_vid_evt_0140,265512,266227,labeled_repo,true,,
0031_vid,0031_vid_evt_0141,265560,265650,finalized,true,,
0031_vid,0031_vid_evt_0142,265680,265770,finalized,true,,
0031_vid,0031_vid_evt_0143,265920,266160,finalized,true,,
0031_vid,0031_vid_evt_0144,266797,267041,labeled_repo,true,,
0031_vid,0031_vid_evt_0145,266809,267100,original,true,,
0031_vid,0031_vid_evt_0146,266827,267102,merged_spans,true,,
0031_vid,0031_vid_evt_0147,266940,267030,finalized,true,,
0031_vid,0031_vid_evt_0148,267239,267823,labeled_repo,false,,NEEDS SECOND EYES
0031_vid,0031_vid_evt_0149,267242,267837,original,true,,
0031_vid,0031_vid_evt_0150,267263,267850,merged_spans,true,,
0031_vid,0031_vid_evt_0151,267300,267480,finalized,true,,
0031_vid,0031_vid_evt_0152,269068,271828,labeled_repo,true,,
0031_vid,0031_vid_evt_0153,269072,271849,merged_spans,true,,
0031_vid,0031_vid_evt_0154,269089,271817,original,true,,
0031_vid,0031_vid_evt_0155,269190,269280,finalized,true,,
0031_vid,0031_vid_evt_0156,269550,269610,finalized,true,,
0031_vid,0031_vid_evt_0157,269850,269910,finalized,true,,
0031_vid,0031_vid_evt_0158,270300,270360,finalized,true,,
0031_vid,0031_vid_evt_0159,271230,271530,finalized,true,,
0031_vid,0031_vid_evt_0160,271590,271800,finalized,true,,
0031_vid,0031_vid_evt_0161,272241,273018,original,true,,
0031_vid,0031_vid_evt_0162,272241,273053,merged_spans,true,,
0031_vid,0031_vid_evt_0163,272248,272940,labeled_repo,true,,
0031_vid,0031_vid_evt_0164,272430,272640,finalized,true,,
0031_vid,0031_vid_evt_0165,272910,273030,finalized,true,,
0031_vid,0031_vid_evt_0166,273550,274787,original,true,,
0031_vid,0031_vid_evt_0167,273557,274785,labeled_repo,true,,
0031_vid,0031_vid_evt_0168,273572,274810,merged_spans,true,,
0031_vid,0031_vid_evt_0169,273600,273660,finalized,true,,
0031_vid,0031_vid_evt_0170,273810,273870,finalized,true,,
0031_vid,0031_vid_evt_0171,273990,274050,finalized,true,,
0031_vid,0031_vid_evt_0172,274260,274320,finalized,true,,
0031_vid,0031_vid_evt_0173,274530,274620,finalized,true,,
0031_vid,0031_vid_evt_0174,275040,275160,finalized,true,,
0031_vid,0031_vid_evt_0175,275040,275190,original,true,,
0031_vid,0031_vid_evt_0176,275040,275190,merged_spans,true,,
0031_vid,0031_vid_evt_0177,275054,275181,labeled_repo,true,,
0031_vid,0031_vid_evt_0178,276439,276530,original,true,,
0031_vid,0031_vid_evt_0179,276439,276533,merged_spans,true,,
0031_vid,0031_vid_evt_0180,276443,276533,labeled_repo,false,,Unreciprocated
0031_vid,0031_vid_evt_0181,276785,276899,labeled_repo,false,,Needs second Eyes
0031_vid,0031_vid_evt_0182,276785,276899,merged_spans,true,,
0031_vid,0031_vid_evt_0183,277630,278798,merged_spans,true,,
0031_vid,0031_vid_evt_0184,277672,278780,labeled_repo,true,,
0031_vid,0031_vid_evt_0185,277710,277770,finalized,true,,
0031_vid,0031_vid_evt_0186,277800,277860,finalized,true,,
0031_vid,0031_vid_evt_0187,278070,278130,finalized,true,,
0031_vid,0031_vid_evt_0188,278220,278460,finalized,true,,
0031_vid,0031_vid_evt_0189,278580,278790,finalized,true,,
0031_vid,0031_vid_evt_0190,280200,280290,finalized,true,,
0031_vid,0031_vid_evt_0191,281220,281280,finalized,true,,
0031_vid,0031_vid_evt_0192,283650,283740,finalized,true,,
0031_vid,0031_vid_evt_0193,284250,284340,finalized,true,,
0031_vid,0031_vid_evt_0194,284308,285248,merged_spans,true,,
0031_vid,0031_vid_evt_0195,284345,285235,labeled_repo,true,,
0031_vid,0031_vid_evt_0196,284400,284820,finalized,true,,
0031_vid,0031_vid_evt_0197,285180,285270,finalized,true,,
0031_vid,0031_vid_evt_0198,285630,285690,finalized,true,,
0031_vid,0031_vid_evt_0199,285910,286492,merged_spans,true,,
0031_vid,0031_vid_evt_0200,285948,286400,labeled_repo,true,,
0031_vid,0031_vid_evt_0201,286290,286380,finalized,true,,
0031_vid,0031_vid_evt_0202,287427,287549,labeled_repo,true,,
0031_vid,0031_vid_evt_0203,287427,287549,merged_spans,true,,
0031_vid,0031_vid_evt_0204,287550,287610,finalized,true,,
0031_vid,0031_vid_evt_0205,290415,291967,merged_spans,true,,
0031_vid,0031_vid_evt_0206,290431,291957,labeled_repo,true,,
0031_vid,0031_vid_evt_0207,290460,290610,finalized,true,,
0031_vid,0031_vid_evt_0208,290700,291180,finalized,true,,
0031_vid,0031_vid_evt_0209,291240,291450,finalized,true,,
0031_vid,0031_vid_evt_0210,291750,291810,finalized,true,,
0031_vid,0031_vid_evt_0211,297374,297867,merged_spans,true,,
0031_vid,0031_vid_evt_0212,297380,297867,labeled_repo,true,,
0031_vid,0031_vid_evt_0213,297390,297690,finalized,true,,
0031_vid,0031_vid_evt_0214,297690,297840,finalized,true,,
0031_vid,0031_vid_evt_0215,298369,298501,labeled_repo,true,,
0031_vid,0031_vid_evt_0216,298370,298541,merged_spans,true,,
0031_vid,0031_vid_evt_0217,298470,298560,finalized,true,,
0031_vid,0031_vid_evt_0218,299070,299342,merged_spans,true,,
0031_vid,0031_vid_evt_0219,299183,299342,labeled_repo,true,,
0031_vid,0031_vid_evt_0220,300814,301465,labeled_repo,true,,
0031_vid,0031_vid_evt_0221,300814,301485,merged_spans,true,,
0031_vid,0031_vid_evt_0222,300840,300900,finalized,true,,
0031_vid,0031_vid_evt_0223,300990,301200,finalized,true,,
0031_vid,0031_vid_evt_0224,301260,301320,finalized,true,,
0031_vid,0031_vid_evt_0225,302548,303456,labeled_repo,true,,
0031_vid,0031_vid_evt_0226,302548,303488,merged_spans,true,,
0031_vid,0031_vid_evt_0227,302610,302820,finalized,true,,
0031_vid,0031_vid_evt_0228,302940,303060,finalized,true,,
0031_vid,0031_vid_evt_0229,303240,303330,finalized,true,,
0031_vid,0031_vid_evt_0230,305280,305340,finalized,true,,
0031_vid,0031_vid_evt_0231,307530,307920,finalized,true,,
0031_vid,0031_vid_evt_0232,308640,308730,finalized,true,,
0031_vid,0031_vid_evt_0233,309510,309630,finalized,true,,
0031_vid,0031_vid_evt_0234,310680,310740,finalized,true,,
0031_vid,0031_vid_evt_0235,310706,310821,labeled_repo,false,,Needs Second Eyes
0031_vid,0031_vid_evt_0236,310706,310821,merged_spans,true,,contentious
0031_vid,0031_vid_evt_0237,311191,311277,labeled_repo,true,,
0031_vid,0031_vid_evt_0238,311191,311277,merged_spans,true,,
0031_vid,0031_vid_evt_0239,311617,311845,labeled_repo,unsure,,
0031_vid,0031_vid_evt_0240,311703,311864,merged_spans,true,,
0031_vid,0031_vid_evt_0241,312390,312653,labeled_repo,true,,
0031_vid,0031_vid_evt_0242,312403,312678,merged_spans,true,,
0031_vid,0031_vid_evt_0243,312510,312570,finalized,true,,
0031_vid,0031_vid_evt_0244,312885,313312,labeled_repo,true,,
0031_vid,0031_vid_evt_0245,312890,313274,merged_spans,true,,
0031_vid,0031_vid_evt_0246,313050,313110,finalized,true,,
0031_vid,0031_vid_evt_0247,313170,313320,finalized,true,,
0031_vid,0031_vid_evt_0248,314392,314830,labeled_repo,true,,
0031_vid,0031_vid_evt_0249,314426,314830,merged_spans,true,,
0031_vid,0031_vid_evt_0250,314460,314790,finalized,true,,
0031_vid,0031_vid_evt_0251,315485,316088,labeled_repo,true,,
0031_vid,0031_vid_evt_0252,315500,316123,merged_spans,true,,
0031_vid,0031_vid_evt_0253,315600,315660,finalized,true,,
0031_vid,0031_vid_evt_0254,315870,315930,finalized,true,,
0031_vid,0031_vid_evt_0255,316920,317040,finalized,true,,
0031_vid,0031_vid_evt_0256,316941,317079,labeled_repo,true,,
0031_vid,0031_vid_evt_0257,316941,317109,merged_spans,true,,
0031_vid,0031_vid_evt_0258,317267,317470,labeled_repo,true,,
0031_vid,0031_vid_evt_0259,317293,317485,merged_spans,true,,
0031_vid,0031_vid_evt_0260,317340,317400,finalized,true,,
0031_vid,0031_vid_evt_0261,317914,318607,merged_spans,true,,
0031_vid,0031_vid_evt_0262,317922,318591,labeled_repo,true,,
0031_vid,0031_vid_evt_0263,318000,318060,finalized,true,,
0031_vid,0031_vid_evt_0264,319260,319470,finalized,true,,
0031_vid,0031_vid_evt_0265,319319,320672,merged_spans,true,,
0031_vid,0031_vid_evt_0266,319367,320650,labeled_repo,true,,
0031_vid,0031_vid_evt_0267,319680,319890,finalized,true,,
0031_vid,0031_vid_evt_0268,320040,320640,finalized,true,,
0031_vid,0031_vid_evt_0269,322380,322440,finalized,true,,
0031_vid,0031_vid_evt_0270,323003,323274,merged_spans,true,,
0031_vid,0031_vid_evt_0271,323064,323251,labeled_repo,true,,
0031_vid,0031_vid_evt_0272,323100,323250,finalized,true,,
0031_vid,0031_vid_evt_0273,323989,325440,merged_spans,true,,
0031_vid,0031_vid_evt_0274,324043,325424,labeled_repo,true,,
0031_vid,0031_vid_evt_0275,324090,324300,finalized,true,,
0031_vid,0031_vid_evt_0276,324420,325260,finalized,true,,
0031_vid,0031_vid_evt_0277,329970,330060,finalized,true,,
0031_vid,0031_vid_evt_0278,330419,330554,labeled_repo,true,,
0031_vid,0031_vid_evt_0279,330419,330554,merged_spans,true,,
0031_vid,0031_vid_evt_0280,330450,330510,finalized,true,,
0031_vid,0031_vid_evt_0281,336270,336360,finalized,true,,
0031_vid,0031_vid_evt_0282,336720,336780,finalized,true,,
0031_vid,0031_vid_evt_0283,336839,337868,labeled_repo,true,,
0031_vid,0031_vid_evt_0284,336870,337230,finalized,true,,
0031_vid,0031_vid_evt_0285,336893,337898,merged_spans,true,,
0031_vid,0031_vid_evt_0286,337410,337830,finalized,true,,
0031_vid,0031_vid_evt_0287,338173,338253,labeled_repo,false,,Unreciprocated
0031_vid,0031_vid_evt_0288,338173,338253,merged_spans,false,,
0031_vid,0031_vid_evt_0289,343140,343230,finalized,true,,
0031_vid,0031_vid_evt_0290,344310,344400,finalized,true,,
0031_vid,0031_vid_evt_0291,344552,344809,merged_spans,false,,
0031_vid,0031_vid_evt_0292,344580,344790,finalized,true,,
0031_vid,0031_vid_evt_0293,345177,345444,merged_spans,false,,
0031_vid,0031_vid_evt_0294,345240,345360,finalized,true,,
0031_vid,0031_vid_evt_0295,346587,346840,merged_spans,false,,
0031_vid,0031_vid_evt_0296,346710,346800,finalized,true,,
0031_vid,0031_vid_evt_0297,346890,346980,finalized,true,,
0031_vid,0031_vid_evt_0298,346950,347010,finalized,true,,
0031_vid,0031_vid_evt_0299,348060,348120,finalized,true,,
0031_vid,0031_vid_evt_0300,348063,348458,merged_spans,false,,
0031_vid,0031_vid_evt_0301,348210,348600,finalized,true,,
0031_vid,0031_vid_evt_0302,349320,349410,finalized,true,,
0031_vid,0031_vid_evt_0303,350190,350280,finalized,true,,
0031_vid,0031_vid_evt_0304,350910,350970,finalized,true,,
0031_vid,0031_vid_evt_0305,353070,353160,finalized,true,,
0031_vid,0031_vid_evt_0306,355230,355320,finalized,true,,
0031_vid,0031_vid_evt_0307,356340,356400,finalized,true,,
0031_vid,0031_vid_evt_0308,357720,357810,finalized,true,,
0031_vid,0031_vid_evt_0309,362460,362610,finalized,true,,
0031_vid,0031_vid_evt_0310,393150,393210,finalized,true,,
0031_vid,0031_vid_evt_0311,430380,430470,finalized,true,,
0031_vid,0031_vid_evt_0312,430920,431010,finalized,true,,
0031_vid,0031_vid_evt_0313,862050,862140,finalized,true,,
0031_vid,0031_vid_evt_0314,862380,862440,finalized,true,,
0031_vid,0031_vid_evt_0315,874320,874380,finalized,true,,
0031_vid,0031_vid_evt_0316,881460,881550,finalized,true,,
0031_vid,0031_vid_evt_0317,1035510,1035630,finalized,true,,
