ID,Start frame,End frame,Start time (h:mm:ss),End time (h:mm:ss),Duration (s),Behavior,Source,Added by,Date added,Source notes (anything your method outputs),Is it this behavior? (Y / N / unsure),Reviewer,Review notes,,Frames per second,30
0031-0001,98132,98362,0:54:31,0:54:39,7.7,circling,Rule detector v2 (Aaron),Aaron,2026-09-25,net turns 1.79; median distance 91 px,Y,Aaron,Very short,,,
0031-0002,98648,98714,0:54:48,0:54:50,2.2,circling,Rule detector v2 (Aaron),Aaron,2026-09-25,net turns 0.36; median distance 127 px,,Aaron,I would like second eyes on this it’s a less than 2 second clip,,,
0031-0003,98918,99205,0:54:57,0:55:07,9.6,circling,Rule detector v2 (Aaron),Aaron,2026-09-25,net turns 2.09; median distance 96 px,Y,Aaron,,,,
0031-0004,104742,104804,0:58:11,0:58:13,2.1,circling,Rule detector v2 (Aaron),Aaron,2026-09-25,net turns 0.45; median distance 81 px,N,Aaron,Unreciprocated event one started the quivering but the other just held still,,,
0031-0005,119879,120687,1:06:36,1:07:03,27.0,circling,Rule detector v2 (Aaron),Aaron,2026-09-25,net turns 5.65; median distance 93 px,Y,Aaron,,,,
0031-0006,121451,121749,1:07:28,1:07:38,10.0,circling,Rule detector v2 (Aaron),Aaron,2026-09-25,net turns 1.74; median distance 104 px,Y,Aaron,,,,
0031-0007,122835,125260,1:08:15,1:09:35,80.9,circling,Rule detector v2 (Aaron),Aaron,2026-09-25,net turns 14.51; median distance 90 px,Y,Aaron,,,,
0031-0008,130018,130295,1:12:14,1:12:23,9.3,circling,Rule detector v2 (Aaron),Aaron,2026-09-25,net turns 1.73; median distance 101 px,Y,Aaron,I would say a very weak event,,,
0031-0009,138159,138688,1:16:45,1:17:03,17.7,circling,Rule detector v2 (Aaron),Aaron,2026-09-25,net turns 3.46; median distance 92 px,Y,Aaron,,,,
0031-0010,139236,139479,1:17:21,1:17:29,8.1,circling,Rule detector v2 (Aaron),Aaron,2026-09-25,net turns 1.86; median distance 96 px,Y,Aaron,,,,
0031-0011,178852,179220,1:39:22,1:39:34,12.3,circling,Rule detector v2 (Aaron),Aaron,2026-09-25,net turns 1.91; median distance 98 px,Y,Aaron,,,,
0031-0012,180814,181582,1:40:27,1:40:53,25.6,circling,Rule detector v2 (Aaron),Aaron,2026-09-25,net turns 4.62; median distance 84 px,Y,Aaron,,,,
0031-0013,183826,185488,1:42:08,1:43:03,55.4,circling,Rule detector v2 (Aaron),Aaron,2026-09-25,net turns 11.82; median distance 81 px,Y,Aaron,,,,
0031-0014,189149,189705,1:45:05,1:45:23,18.6,circling,Rule detector v2 (Aaron),Aaron,2026-09-25,net turns 3.84; median distance 97 px,Y,Aaron,,,,
0031-0015,210496,210641,1:56:57,1:57:01,4.9,circling,Rule detector v2 (Aaron),Aaron,#########,net turns 0.83; median distance 73 px,Y,Aaron, ,,,
0031-0016,212831,213004,1:58:14,1:58:20,5.8,circling,Rule detector v2 (Aaron),Aaron,#########,net turns 1.19; median distance 98 px, , , ,,,
0031-0017,214591,215157,1:59:13,1:59:32,18.9,circling,Rule detector v2 (Aaron),Aaron,#########,net turns 4.09; median distance 89 px,Y,Aaron, ,,,
0031-0018,216987,217110,2:00:33,2:00:37,4.1,circling,Rule detector v2 (Aaron),Aaron,#########,net turns 0.71; median distance 86 px,Y,Aaron, ,,,
0031-0019,219074,219989,2:01:42,2:02:13,30.5,circling,Rule detector v2 (Aaron),Aaron,#########,net turns 5.97; median distance 87 px,Y,Aaron, ,,,
0031-0020,246907,247523,2:17:10,2:17:31,20.6,circling,Rule detector v2 (Aaron),Aaron,#########,net turns 4.76; median distance 90 px,Y,Aaron, ,,,
0031-0021,247645,248839,2:17:35,2:18:15,39.8,circling,Rule detector v2 (Aaron),Aaron,#########,net turns 8.08; median distance 82 px,Y,Aaron, ,,,
0031-0022,255405,255563,2:21:54,2:21:59,5.3,circling,Rule detector v2 (Aaron),Aaron,#########,net turns 0.90; median distance 77 px,N,Aaron,NEEDS SECOND EYES,,,
0031-0023,255716,256136,2:22:04,2:22:18,14,circling,Rule detector v2 (Aaron),Aaron,#########,net turns 2.99; median distance 101 px,N,Aaron,No Quivering NEEDS SECOND EYES,,,
0031-0024,262865,263222,2:26:02,2:26:14,11.9,circling,Rule detector v2 (Aaron),Aaron,#########,net turns 2.92; median distance 94 px,N,Aaron, ,,,
0031-0025,263417,263685,2:26:21,2:26:29,9,circling,Rule detector v2 (Aaron),Aaron,#########,net turns 1.69; median distance 87 px,Y,Aaron, ,,,
0031-0026,263837,263931,2:26:35,2:26:38,3.2,circling,Rule detector v2 (Aaron),Aaron,#########,net turns 1.12; median distance 109 px,N,Aaron,Looks like an attempted start but unreciprocated,,,
0031-0027,264707,265093,2:27:04,2:27:16,12.9,circling,Rule detector v2 (Aaron),Aaron,#########,net turns 0.74; median distance 83 px,Y,Aaron, ,,,
0031-0028,265510,266227,2:27:30,2:27:54,23.9,circling,Original human labels,Aaron (copied),#########,event 1 in the original circling labels,Y,original annotators,,,,
0031-0029,265512,266227,2:27:30,2:27:54,23.9,circling,Rule detector v2 (Aaron),Aaron,#########,net turns 5.51; median distance 79 px; overlaps human-labeled event 1,Y,Aaron, ,,,
0031-0030,266797,267041,2:28:13,2:28:21,8.2,circling,Rule detector v2 (Aaron),Aaron,#########,net turns 2.05; median distance 85 px; overlaps human-labeled event 2,Y,Aaron, ,,,
0031-0031,266809,267100,2:28:14,2:28:23,9.7,circling,Original human labels,Aaron (copied),#########,event 2 in the original circling labels,Y,original annotators,,,,
0031-0032,267239,267823,2:28:28,2:28:47,19.5,circling,Rule detector v2 (Aaron),Aaron,#########,net turns 4.35; median distance 91 px; overlaps human-labeled event 3,N,Aaron,NEEDS SECOND EYES,,,
0031-0033,267242,267837,2:28:28,2:28:48,19.9,circling,Original human labels,Aaron (copied),#########,event 3 in the original circling labels,Y,original annotators,,,,
0031-0034,269068,271828,2:29:29,2:31:01,92,circling,Rule detector v2 (Aaron),Aaron,#########,net turns 12.99; median distance 82 px; overlaps human-labeled event 4,Y,Aaron, ,,,
0031-0035,269089,271817,2:29:30,2:31:01,91,circling,Original human labels,Aaron (copied),#########,event 4 in the original circling labels,Y,original annotators,,,,
0031-0036,272241,273018,2:31:15,2:31:41,25.9,circling,Original human labels,Aaron (copied),#########,event 5 in the original circling labels,Y,original annotators,,,,
0031-0037,272248,272940,2:31:15,2:31:38,23.1,circling,Rule detector v2 (Aaron),Aaron,#########,net turns 3.07; median distance 86 px; overlaps human-labeled event 5,Y,Aaron, ,,,
0031-0038,273550,274787,2:31:58,2:32:40,41.3,circling,Original human labels,Aaron (copied),#########,event 6 in the original circling labels,Y,original annotators,,,,
0031-0039,273557,274785,2:31:59,2:32:39,41,circling,Rule detector v2 (Aaron),Aaron,#########,net turns 9.12; median distance 81 px; overlaps human-labeled event 6,Y,Aaron, ,,,
0031-0040,275040,275190,2:32:48,2:32:53,5,circling,Original human labels,Aaron (copied),#########,event 7 in the original circling labels,Y,original annotators,,,,
0031-0041,275054,275181,2:32:48,2:32:53,4.3,circling,Rule detector v2 (Aaron),Aaron,#########,net turns 0.94; median distance 89 px; overlaps human-labeled event 7,Y,Aaron, ,,,
0031-0042,276439,276530,2:33:35,2:33:38,3.1,circling,Original human labels,Aaron (copied),#########,event 8 in the original circling labels,Y,original annotators,,,,
0031-0043,276443,276533,2:33:35,2:33:38,3,circling,Rule detector v2 (Aaron),Aaron,#########,net turns 0.83; median distance 94 px; overlaps human-labeled event 8,N,Aaron,Unreciprocated,,,
0031-0044,276785,276899,2:33:46,2:33:50,3.8,circling,Rule detector v2 (Aaron),Aaron,#########,net turns 0.98; median distance 89 px,N,Aaron,Needs second Eyes,,,
0031-0045,277672,278780,2:34:16,2:34:53,37,circling,Rule detector v2 (Aaron),Aaron,#########,net turns 8.11; median distance 83 px,Y,Aaron, ,,,
0031-0046,284345,285235,2:37:58,2:38:28,29.7,circling,Rule detector v2 (Aaron),Aaron,#########,net turns 6.25; median distance 85 px,Y,Aaron, ,,,
0031-0047,285948,286400,2:38:52,2:39:07,15.1,circling,Rule detector v2 (Aaron),Aaron,#########,net turns 3.39; median distance 83 px,Y,Aaron, ,,,
0031-0048,287427,287549,2:39:41,2:39:45,4.1,circling,Rule detector v2 (Aaron),Aaron,#########,net turns 0.85; median distance 94 px,Y,Aaron, ,,,
0031-0049,290431,291957,2:41:21,2:42:12,50.9,circling,Rule detector v2 (Aaron),Aaron,#########,net turns 12.49; median distance 79 px,Y,Aaron, ,,,
0031-0050,297380,297867,2:45:13,2:45:29,16.3,circling,Rule detector v2 (Aaron),Aaron,#########,net turns 3.77; median distance 88 px,Y,Aaron, ,,,
0031-0051,298369,298501,2:45:46,2:45:50,4.4,circling,Rule detector v2 (Aaron),Aaron,#########,net turns 1.08; median distance 95 px,Y,Aaron, ,,,
0031-0052,299183,299342,2:46:13,2:46:18,5.3,circling,Rule detector v2 (Aaron),Aaron,#########,net turns 0.98; median distance 85 px,Y,Aaron, ,,,
0031-0053,300814,301465,2:47:07,2:47:29,21.7,circling,Rule detector v2 (Aaron),Aaron,#########,net turns 4.63; median distance 85 px,Y,Aaron, ,,,
0031-0054,302548,303456,2:48:05,2:48:35,30.3,circling,Rule detector v2 (Aaron),Aaron,#########,net turns 6.64; median distance 81 px,Y,Aaron, ,,,
0031-0055,310706,310821,2:52:37,2:52:41,3.9,circling,Rule detector v2 (Aaron),Aaron,#########,net turns 0.68; median distance 120 px,N,Aaron,Needs Second Eyes,,,
0031-0056,311191,311277,2:52:53,2:52:56,2.9,circling,Rule detector v2 (Aaron),Aaron,#########,net turns 1.03; median distance 81 px,Y,Aaron, ,,,
0031-0057,311617,311845,2:53:07,2:53:15,7.6,circling,Rule detector v2 (Aaron),Aaron,#########,net turns 1.61; median distance 92 px,unsure,Aaron, ,,,
0031-0058,312390,312653,2:53:33,2:53:42,8.8,circling,Rule detector v2 (Aaron),Aaron,#########,net turns 2.15; median distance 82 px,Y,Aaron, ,,,
0031-0059,312885,313312,2:53:49,2:54:04,14.3,circling,Rule detector v2 (Aaron),Aaron,#########,net turns 2.82; median distance 80 px,Y,Aaron, ,,,
0031-0060,314392,314830,2:54:40,2:54:54,14.6,circling,Rule detector v2 (Aaron),Aaron,#########,net turns 3.48; median distance 80 px,Y,Aaron, ,,,
0031-0061,315485,316088,2:55:16,2:55:36,20.1,circling,Rule detector v2 (Aaron),Aaron,#########,net turns 4.35; median distance 79 px,Y,Aaron, ,,,
0031-0062,316941,317079,2:56:05,2:56:09,4.6,circling,Rule detector v2 (Aaron),Aaron,#########,net turns 0.79; median distance 91 px,Y,Aaron, ,,,
0031-0063,317267,317470,2:56:16,2:56:22,6.8,circling,Rule detector v2 (Aaron),Aaron,#########,net turns 1.70; median distance 84 px,Y,Aaron, ,,,
0031-0064,317922,318591,2:56:37,2:57:00,22.3,circling,Rule detector v2 (Aaron),Aaron,#########,net turns 4.75; median distance 77 px,Y,Aaron, ,,,
0031-0065,319367,320650,2:57:26,2:58:08,42.8,circling,Rule detector v2 (Aaron),Aaron,#########,net turns 9.30; median distance 79 px,Y,Aaron, ,,,
0031-0066,323064,323251,2:59:29,2:59:35,6.3,circling,Rule detector v2 (Aaron),Aaron,#########,net turns 1.23; median distance 78 px,Y,Aaron, ,,,
0031-0067,324043,325424,3:00:01,3:00:47,46.1,circling,Rule detector v2 (Aaron),Aaron,#########,net turns 10.11; median distance 81 px,Y,Aaron, ,,,
0031-0068,330419,330554,3:03:34,3:03:38,4.5,circling,Rule detector v2 (Aaron),Aaron,#########,net turns 1.09; median distance 91 px,Y,Aaron, ,,,
0031-0069,336839,337868,3:07:08,3:07:42,34.3,circling,Rule detector v2 (Aaron),Aaron,#########,net turns 7.72; median distance 80 px,Y,Aaron, ,,,
0031-0070,338173,338253,3:07:52,3:07:55,2.7,circling,Rule detector v2 (Aaron),Aaron,#########,net turns 0.36; median distance 121 px,N,Aaron,Unreciprocated,,,
0031-0071,,,,,,,,,,,,,,,,
0031-0072,,,,,,,,,,,,,,,,
0031-0073,,,,,,,,,,,,,,,,
0031-0074,,,,,,,,,,,,,,,,
0031-0075,,,,,,,,,,,,,,,,
0031-0076,,,,,,,,,,,,,,,,
0031-0077,,,,,,,,,,,,,,,,
0031-0078,,,,,,,,,,,,,,,,
0031-0079,,,,,,,,,,,,,,,,
0031-0080,,,,,,,,,,,,,,,,
0031-0081,,,,,,,,,,,,,,,,
0031-0082,,,,,,,,,,,,,,,,
0031-0083,,,,,,,,,,,,,,,,
0031-0084,,,,,,,,,,,,,,,,
0031-0085,,,,,,,,,,,,,,,,
0031-0086,,,,,,,,,,,,,,,,
0031-0087,,,,,,,,,,,,,,,,
0031-0088,,,,,,,,,,,,,,,,
0031-0089,,,,,,,,,,,,,,,,
0031-0090,,,,,,,,,,,,,,,,
0031-0091,,,,,,,,,,,,,,,,
0031-0092,,,,,,,,,,,,,,,,
0031-0093,,,,,,,,,,,,,,,,
0031-0094,,,,,,,,,,,,,,,,
0031-0095,,,,,,,,,,,,,,,,
0031-0096,,,,,,,,,,,,,,,,
0031-0097,,,,,,,,,,,,,,,,
0031-0098,,,,,,,,,,,,,,,,
0031-0099,,,,,,,,,,,,,,,,
0031-0100,,,,,,,,,,,,,,,,
0031-0101,,,,,,,,,,,,,,,,
0031-0102,,,,,,,,,,,,,,,,
0031-0103,,,,,,,,,,,,,,,,
0031-0104,,,,,,,,,,,,,,,,
0031-0105,,,,,,,,,,,,,,,,
0031-0106,,,,,,,,,,,,,,,,
0031-0107,,,,,,,,,,,,,,,,
0031-0108,,,,,,,,,,,,,,,,
0031-0109,,,,,,,,,,,,,,,,
0031-0110,,,,,,,,,,,,,,,,
0031-0111,,,,,,,,,,,,,,,,
0031-0112,,,,,,,,,,,,,,,,
0031-0113,,,,,,,,,,,,,,,,
0031-0114,,,,,,,,,,,,,,,,
0031-0115,,,,,,,,,,,,,,,,
0031-0116,,,,,,,,,,,,,,,,
0031-0117,,,,,,,,,,,,,,,,
0031-0118,,,,,,,,,,,,,,,,
0031-0119,,,,,,,,,,,,,,,,
0031-0120,,,,,,,,,,,,,,,,
0031-0121,,,,,,,,,,,,,,,,
0031-0122,,,,,,,,,,,,,,,,
0031-0123,,,,,,,,,,,,,,,,
0031-0124,,,,,,,,,,,,,,,,
0031-0125,,,,,,,,,,,,,,,,
0031-0126,,,,,,,,,,,,,,,,
0031-0127,,,,,,,,,,,,,,,,
0031-0128,,,,,,,,,,,,,,,,
0031-0129,,,,,,,,,,,,,,,,
0031-0130,,,,,,,,,,,,,,,,
0031-0131,,,,,,,,,,,,,,,,
0031-0132,,,,,,,,,,,,,,,,
0031-0133,,,,,,,,,,,,,,,,
0031-0134,,,,,,,,,,,,,,,,
0031-0135,,,,,,,,,,,,,,,,
0031-0136,,,,,,,,,,,,,,,,
0031-0137,,,,,,,,,,,,,,,,
0031-0138,,,,,,,,,,,,,,,,
0031-0139,,,,,,,,,,,,,,,,
0031-0140,,,,,,,,,,,,,,,,
0031-0141,,,,,,,,,,,,,,,,
0031-0142,,,,,,,,,,,,,,,,
0031-0143,,,,,,,,,,,,,,,,
0031-0144,,,,,,,,,,,,,,,,
0031-0145,,,,,,,,,,,,,,,,
0031-0146,,,,,,,,,,,,,,,,
0031-0147,,,,,,,,,,,,,,,,
0031-0148,,,,,,,,,,,,,,,,
0031-0149,,,,,,,,,,,,,,,,
0031-0150,,,,,,,,,,,,,,,,
0031-0151,,,,,,,,,,,,,,,,
0031-0152,,,,,,,,,,,,,,,,
0031-0153,,,,,,,,,,,,,,,,
0031-0154,,,,,,,,,,,,,,,,
0031-0155,,,,,,,,,,,,,,,,
0031-0156,,,,,,,,,,,,,,,,
0031-0157,,,,,,,,,,,,,,,,
0031-0158,,,,,,,,,,,,,,,,
0031-0159,,,,,,,,,,,,,,,,
0031-0160,,,,,,,,,,,,,,,,
0031-0161,,,,,,,,,,,,,,,,
0031-0162,,,,,,,,,,,,,,,,
0031-0163,,,,,,,,,,,,,,,,
0031-0164,,,,,,,,,,,,,,,,
0031-0165,,,,,,,,,,,,,,,,
0031-0166,,,,,,,,,,,,,,,,
0031-0167,,,,,,,,,,,,,,,,
0031-0168,,,,,,,,,,,,,,,,
0031-0169,,,,,,,,,,,,,,,,
0031-0170,,,,,,,,,,,,,,,,
0031-0171,,,,,,,,,,,,,,,,
0031-0172,,,,,,,,,,,,,,,,
0031-0173,,,,,,,,,,,,,,,,
0031-0174,,,,,,,,,,,,,,,,
0031-0175,,,,,,,,,,,,,,,,
0031-0176,,,,,,,,,,,,,,,,
0031-0177,,,,,,,,,,,,,,,,
0031-0178,,,,,,,,,,,,,,,,
0031-0179,,,,,,,,,,,,,,,,
0031-0180,,,,,,,,,,,,,,,,
0031-0181,,,,,,,,,,,,,,,,
0031-0182,,,,,,,,,,,,,,,,
0031-0183,,,,,,,,,,,,,,,,
0031-0184,,,,,,,,,,,,,,,,
0031-0185,,,,,,,,,,,,,,,,
0031-0186,,,,,,,,,,,,,,,,
0031-0187,,,,,,,,,,,,,,,,
0031-0188,,,,,,,,,,,,,,,,
0031-0189,,,,,,,,,,,,,,,,
0031-0190,,,,,,,,,,,,,,,,
0031-0191,,,,,,,,,,,,,,,,
0031-0192,,,,,,,,,,,,,,,,
0031-0193,,,,,,,,,,,,,,,,
0031-0194,,,,,,,,,,,,,,,,
0031-0195,,,,,,,,,,,,,,,,
0031-0196,,,,,,,,,,,,,,,,
0031-0197,,,,,,,,,,,,,,,,
0031-0198,,,,,,,,,,,,,,,,
0031-0199,,,,,,,,,,,,,,,,
0031-0200,,,,,,,,,,,,,,,,
0031-0201,,,,,,,,,,,,,,,,
0031-0202,,,,,,,,,,,,,,,,
0031-0203,,,,,,,,,,,,,,,,
0031-0204,,,,,,,,,,,,,,,,
0031-0205,,,,,,,,,,,,,,,,
0031-0206,,,,,,,,,,,,,,,,
0031-0207,,,,,,,,,,,,,,,,
0031-0208,,,,,,,,,,,,,,,,
0031-0209,,,,,,,,,,,,,,,,
0031-0210,,,,,,,,,,,,,,,,
0031-0211,,,,,,,,,,,,,,,,
0031-0212,,,,,,,,,,,,,,,,
0031-0213,,,,,,,,,,,,,,,,
0031-0214,,,,,,,,,,,,,,,,
0031-0215,,,,,,,,,,,,,,,,
0031-0216,,,,,,,,,,,,,,,,
0031-0217,,,,,,,,,,,,,,,,
0031-0218,,,,,,,,,,,,,,,,
0031-0219,,,,,,,,,,,,,,,,
0031-0220,,,,,,,,,,,,,,,,
0031-0221,,,,,,,,,,,,,,,,
0031-0222,,,,,,,,,,,,,,,,
0031-0223,,,,,,,,,,,,,,,,
0031-0224,,,,,,,,,,,,,,,,
0031-0225,,,,,,,,,,,,,,,,
0031-0226,,,,,,,,,,,,,,,,
0031-0227,,,,,,,,,,,,,,,,
0031-0228,,,,,,,,,,,,,,,,
0031-0229,,,,,,,,,,,,,,,,
0031-0230,,,,,,,,,,,,,,,,
0031-0231,,,,,,,,,,,,,,,,
0031-0232,,,,,,,,,,,,,,,,
0031-0233,,,,,,,,,,,,,,,,
0031-0234,,,,,,,,,,,,,,,,
0031-0235,,,,,,,,,,,,,,,,
0031-0236,,,,,,,,,,,,,,,,
0031-0237,,,,,,,,,,,,,,,,
0031-0238,,,,,,,,,,,,,,,,
0031-0239,,,,,,,,,,,,,,,,
0031-0240,,,,,,,,,,,,,,,,
0031-0241,,,,,,,,,,,,,,,,
0031-0242,,,,,,,,,,,,,,,,
0031-0243,,,,,,,,,,,,,,,,
0031-0244,,,,,,,,,,,,,,,,
0031-0245,,,,,,,,,,,,,,,,
0031-0246,,,,,,,,,,,,,,,,
0031-0247,,,,,,,,,,,,,,,,
0031-0248,,,,,,,,,,,,,,,,
0031-0249,,,,,,,,,,,,,,,,
0031-0250,,,,,,,,,,,,,,,,
0031-0251,,,,,,,,,,,,,,,,
0031-0252,,,,,,,,,,,,,,,,
0031-0253,,,,,,,,,,,,,,,,
0031-0254,,,,,,,,,,,,,,,,
0031-0255,,,,,,,,,,,,,,,,
0031-0256,,,,,,,,,,,,,,,,
0031-0257,,,,,,,,,,,,,,,,
0031-0258,,,,,,,,,,,,,,,,
0031-0259,,,,,,,,,,,,,,,,
0031-0260,,,,,,,,,,,,,,,,
0031-0261,,,,,,,,,,,,,,,,
0031-0262,,,,,,,,,,,,,,,,
0031-0263,,,,,,,,,,,,,,,,
0031-0264,,,,,,,,,,,,,,,,
0031-0265,,,,,,,,,,,,,,,,
0031-0266,,,,,,,,,,,,,,,,
0031-0267,,,,,,,,,,,,,,,,
0031-0268,,,,,,,,,,,,,,,,
0031-0269,,,,,,,,,,,,,,,,
0031-0270,,,,,,,,,,,,,,,,
0031-0271,,,,,,,,,,,,,,,,
0031-0272,,,,,,,,,,,,,,,,
0031-0273,,,,,,,,,,,,,,,,
0031-0274,,,,,,,,,,,,,,,,
0031-0275,,,,,,,,,,,,,,,,
0031-0276,,,,,,,,,,,,,,,,
0031-0277,,,,,,,,,,,,,,,,
0031-0278,,,,,,,,,,,,,,,,
0031-0279,,,,,,,,,,,,,,,,
0031-0280,,,,,,,,,,,,,,,,
0031-0281,,,,,,,,,,,,,,,,
0031-0282,,,,,,,,,,,,,,,,
0031-0283,,,,,,,,,,,,,,,,
0031-0284,,,,,,,,,,,,,,,,
0031-0285,,,,,,,,,,,,,,,,
0031-0286,,,,,,,,,,,,,,,,
0031-0287,,,,,,,,,,,,,,,,
0031-0288,,,,,,,,,,,,,,,,
0031-0289,,,,,,,,,,,,,,,,
0031-0290,,,,,,,,,,,,,,,,
0031-0291,,,,,,,,,,,,,,,,
0031-0292,,,,,,,,,,,,,,,,
0031-0293,,,,,,,,,,,,,,,,
0031-0294,,,,,,,,,,,,,,,,
0031-0295,,,,,,,,,,,,,,,,
0031-0296,,,,,,,,,,,,,,,,
0031-0297,,,,,,,,,,,,,,,,
0031-0298,,,,,,,,,,,,,,,,
0031-0299,,,,,,,,,,,,,,,,
0031-0300,,,,,,,,,,,,,,,,
0031-0301,,,,,,,,,,,,,,,,
0031-0302,,,,,,,,,,,,,,,,
0031-0303,,,,,,,,,,,,,,,,
0031-0304,,,,,,,,,,,,,,,,
0031-0305,,,,,,,,,,,,,,,,
0031-0306,,,,,,,,,,,,,,,,
0031-0307,,,,,,,,,,,,,,,,
0031-0308,,,,,,,,,,,,,,,,
0031-0309,,,,,,,,,,,,,,,,
0031-0310,,,,,,,,,,,,,,,,
0031-0311,,,,,,,,,,,,,,,,
0031-0312,,,,,,,,,,,,,,,,
0031-0313,,,,,,,,,,,,,,,,
0031-0314,,,,,,,,,,,,,,,,
0031-0315,,,,,,,,,,,,,,,,
0031-0316,,,,,,,,,,,,,,,,
0031-0317,,,,,,,,,,,,,,,,
0031-0318,,,,,,,,,,,,,,,,
0031-0319,,,,,,,,,,,,,,,,
0031-0320,,,,,,,,,,,,,,,,
0031-0321,,,,,,,,,,,,,,,,
0031-0322,,,,,,,,,,,,,,,,
0031-0323,,,,,,,,,,,,,,,,
0031-0324,,,,,,,,,,,,,,,,
0031-0325,,,,,,,,,,,,,,,,
0031-0326,,,,,,,,,,,,,,,,
0031-0327,,,,,,,,,,,,,,,,
0031-0328,,,,,,,,,,,,,,,,
0031-0329,,,,,,,,,,,,,,,,
0031-0330,,,,,,,,,,,,,,,,
0031-0331,,,,,,,,,,,,,,,,
0031-0332,,,,,,,,,,,,,,,,
0031-0333,,,,,,,,,,,,,,,,
0031-0334,,,,,,,,,,,,,,,,
0031-0335,,,,,,,,,,,,,,,,
0031-0336,,,,,,,,,,,,,,,,
0031-0337,,,,,,,,,,,,,,,,
0031-0338,,,,,,,,,,,,,,,,
0031-0339,,,,,,,,,,,,,,,,
0031-0340,,,,,,,,,,,,,,,,
0031-0341,,,,,,,,,,,,,,,,
0031-0342,,,,,,,,,,,,,,,,
0031-0343,,,,,,,,,,,,,,,,
0031-0344,,,,,,,,,,,,,,,,
0031-0345,,,,,,,,,,,,,,,,
0031-0346,,,,,,,,,,,,,,,,
0031-0347,,,,,,,,,,,,,,,,
0031-0348,,,,,,,,,,,,,,,,
0031-0349,,,,,,,,,,,,,,,,
0031-0350,,,,,,,,,,,,,,,,
0031-0351,,,,,,,,,,,,,,,,
0031-0352,,,,,,,,,,,,,,,,
0031-0353,,,,,,,,,,,,,,,,
0031-0354,,,,,,,,,,,,,,,,
0031-0355,,,,,,,,,,,,,,,,
0031-0356,,,,,,,,,,,,,,,,
0031-0357,,,,,,,,,,,,,,,,
0031-0358,,,,,,,,,,,,,,,,
0031-0359,,,,,,,,,,,,,,,,
0031-0360,,,,,,,,,,,,,,,,
0031-0361,,,,,,,,,,,,,,,,
0031-0362,,,,,,,,,,,,,,,,
0031-0363,,,,,,,,,,,,,,,,
0031-0364,,,,,,,,,,,,,,,,
0031-0365,,,,,,,,,,,,,,,,
0031-0366,,,,,,,,,,,,,,,,
0031-0367,,,,,,,,,,,,,,,,
0031-0368,,,,,,,,,,,,,,,,
0031-0369,,,,,,,,,,,,,,,,
0031-0370,,,,,,,,,,,,,,,,
0031-0371,,,,,,,,,,,,,,,,
0031-0372,,,,,,,,,,,,,,,,
0031-0373,,,,,,,,,,,,,,,,
0031-0374,,,,,,,,,,,,,,,,
0031-0375,,,,,,,,,,,,,,,,
0031-0376,,,,,,,,,,,,,,,,
0031-0377,,,,,,,,,,,,,,,,
0031-0378,,,,,,,,,,,,,,,,
0031-0379,,,,,,,,,,,,,,,,
0031-0380,,,,,,,,,,,,,,,,
0031-0381,,,,,,,,,,,,,,,,
0031-0382,,,,,,,,,,,,,,,,
0031-0383,,,,,,,,,,,,,,,,
0031-0384,,,,,,,,,,,,,,,,
0031-0385,,,,,,,,,,,,,,,,
0031-0386,,,,,,,,,,,,,,,,
0031-0387,,,,,,,,,,,,,,,,
0031-0388,,,,,,,,,,,,,,,,
0031-0389,,,,,,,,,,,,,,,,
0031-0390,,,,,,,,,,,,,,,,
0031-0391,,,,,,,,,,,,,,,,
0031-0392,,,,,,,,,,,,,,,,
0031-0393,,,,,,,,,,,,,,,,
0031-0394,,,,,,,,,,,,,,,,
0031-0395,,,,,,,,,,,,,,,,
0031-0396,,,,,,,,,,,,,,,,
0031-0397,,,,,,,,,,,,,,,,
0031-0398,,,,,,,,,,,,,,,,
0031-0399,,,,,,,,,,,,,,,,
0031-0400,,,,,,,,,,,,,,,,
0031-0401,,,,,,,,,,,,,,,,
0031-0402,,,,,,,,,,,,,,,,
0031-0403,,,,,,,,,,,,,,,,
0031-0404,,,,,,,,,,,,,,,,
0031-0405,,,,,,,,,,,,,,,,
0031-0406,,,,,,,,,,,,,,,,
0031-0407,,,,,,,,,,,,,,,,
0031-0408,,,,,,,,,,,,,,,,
0031-0409,,,,,,,,,,,,,,,,
0031-0410,,,,,,,,,,,,,,,,
0031-0411,,,,,,,,,,,,,,,,
0031-0412,,,,,,,,,,,,,,,,
0031-0413,,,,,,,,,,,,,,,,
0031-0414,,,,,,,,,,,,,,,,
0031-0415,,,,,,,,,,,,,,,,
0031-0416,,,,,,,,,,,,,,,,
0031-0417,,,,,,,,,,,,,,,,
0031-0418,,,,,,,,,,,,,,,,
0031-0419,,,,,,,,,,,,,,,,
0031-0420,,,,,,,,,,,,,,,,
0031-0421,,,,,,,,,,,,,,,,
0031-0422,,,,,,,,,,,,,,,,
0031-0423,,,,,,,,,,,,,,,,
0031-0424,,,,,,,,,,,,,,,,
0031-0425,,,,,,,,,,,,,,,,
0031-0426,,,,,,,,,,,,,,,,
0031-0427,,,,,,,,,,,,,,,,
0031-0428,,,,,,,,,,,,,,,,
0031-0429,,,,,,,,,,,,,,,,
0031-0430,,,,,,,,,,,,,,,,
0031-0431,,,,,,,,,,,,,,,,
0031-0432,,,,,,,,,,,,,,,,
0031-0433,,,,,,,,,,,,,,,,
0031-0434,,,,,,,,,,,,,,,,
0031-0435,,,,,,,,,,,,,,,,
0031-0436,,,,,,,,,,,,,,,,
0031-0437,,,,,,,,,,,,,,,,
0031-0438,,,,,,,,,,,,,,,,
0031-0439,,,,,,,,,,,,,,,,
0031-0440,,,,,,,,,,,,,,,,
0031-0441,,,,,,,,,,,,,,,,
0031-0442,,,,,,,,,,,,,,,,
0031-0443,,,,,,,,,,,,,,,,
0031-0444,,,,,,,,,,,,,,,,
0031-0445,,,,,,,,,,,,,,,,
0031-0446,,,,,,,,,,,,,,,,
0031-0447,,,,,,,,,,,,,,,,
0031-0448,,,,,,,,,,,,,,,,
0031-0449,,,,,,,,,,,,,,,,
0031-0450,,,,,,,,,,,,,,,,
0031-0451,,,,,,,,,,,,,,,,
0031-0452,,,,,,,,,,,,,,,,
0031-0453,,,,,,,,,,,,,,,,
0031-0454,,,,,,,,,,,,,,,,
0031-0455,,,,,,,,,,,,,,,,
0031-0456,,,,,,,,,,,,,,,,
0031-0457,,,,,,,,,,,,,,,,
0031-0458,,,,,,,,,,,,,,,,
0031-0459,,,,,,,,,,,,,,,,
0031-0460,,,,,,,,,,,,,,,,
0031-0461,,,,,,,,,,,,,,,,
0031-0462,,,,,,,,,,,,,,,,
0031-0463,,,,,,,,,,,,,,,,
0031-0464,,,,,,,,,,,,,,,,
0031-0465,,,,,,,,,,,,,,,,
0031-0466,,,,,,,,,,,,,,,,
0031-0467,,,,,,,,,,,,,,,,
0031-0468,,,,,,,,,,,,,,,,
0031-0469,,,,,,,,,,,,,,,,
0031-0470,,,,,,,,,,,,,,,,
0031-0471,,,,,,,,,,,,,,,,
0031-0472,,,,,,,,,,,,,,,,
0031-0473,,,,,,,,,,,,,,,,
0031-0474,,,,,,,,,,,,,,,,
0031-0475,,,,,,,,,,,,,,,,
0031-0476,,,,,,,,,,,,,,,,
0031-0477,,,,,,,,,,,,,,,,
0031-0478,,,,,,,,,,,,,,,,
0031-0479,,,,,,,,,,,,,,,,
0031-0480,,,,,,,,,,,,,,,,
0031-0481,,,,,,,,,,,,,,,,
0031-0482,,,,,,,,,,,,,,,,
0031-0483,,,,,,,,,,,,,,,,
0031-0484,,,,,,,,,,,,,,,,
0031-0485,,,,,,,,,,,,,,,,
0031-0486,,,,,,,,,,,,,,,,
0031-0487,,,,,,,,,,,,,,,,
0031-0488,,,,,,,,,,,,,,,,
0031-0489,,,,,,,,,,,,,,,,
0031-0490,,,,,,,,,,,,,,,,
0031-0491,,,,,,,,,,,,,,,,
0031-0492,,,,,,,,,,,,,,,,
0031-0493,,,,,,,,,,,,,,,,
0031-0494,,,,,,,,,,,,,,,,
0031-0495,,,,,,,,,,,,,,,,
0031-0496,,,,,,,,,,,,,,,,
0031-0497,,,,,,,,,,,,,,,,
0031-0498,,,,,,,,,,,,,,,,
0031-0499,,,,,,,,,,,,,,,,
0031-0500,,,,,,,,,,,,,,,,
0031-0501,,,,,,,,,,,,,,,,
0031-0502,,,,,,,,,,,,,,,,
0031-0503,,,,,,,,,,,,,,,,
0031-0504,,,,,,,,,,,,,,,,
0031-0505,,,,,,,,,,,,,,,,
0031-0506,,,,,,,,,,,,,,,,
0031-0507,,,,,,,,,,,,,,,,
0031-0508,,,,,,,,,,,,,,,,
0031-0509,,,,,,,,,,,,,,,,
0031-0510,,,,,,,,,,,,,,,,
0031-0511,,,,,,,,,,,,,,,,
0031-0512,,,,,,,,,,,,,,,,
0031-0513,,,,,,,,,,,,,,,,
0031-0514,,,,,,,,,,,,,,,,
0031-0515,,,,,,,,,,,,,,,,
0031-0516,,,,,,,,,,,,,,,,
0031-0517,,,,,,,,,,,,,,,,
0031-0518,,,,,,,,,,,,,,,,
0031-0519,,,,,,,,,,,,,,,,
0031-0520,,,,,,,,,,,,,,,,
0031-0521,,,,,,,,,,,,,,,,
0031-0522,,,,,,,,,,,,,,,,
0031-0523,,,,,,,,,,,,,,,,
0031-0524,,,,,,,,,,,,,,,,
0031-0525,,,,,,,,,,,,,,,,
0031-0526,,,,,,,,,,,,,,,,
0031-0527,,,,,,,,,,,,,,,,
0031-0528,,,,,,,,,,,,,,,,
0031-0529,,,,,,,,,,,,,,,,
0031-0530,,,,,,,,,,,,,,,,
0031-0531,,,,,,,,,,,,,,,,
0031-0532,,,,,,,,,,,,,,,,
0031-0533,,,,,,,,,,,,,,,,
0031-0534,,,,,,,,,,,,,,,,
0031-0535,,,,,,,,,,,,,,,,
0031-0536,,,,,,,,,,,,,,,,
0031-0537,,,,,,,,,,,,,,,,
0031-0538,,,,,,,,,,,,,,,,
0031-0539,,,,,,,,,,,,,,,,
0031-0540,,,,,,,,,,,,,,,,
0031-0541,,,,,,,,,,,,,,,,
0031-0542,,,,,,,,,,,,,,,,
0031-0543,,,,,,,,,,,,,,,,
0031-0544,,,,,,,,,,,,,,,,
0031-0545,,,,,,,,,,,,,,,,
0031-0546,,,,,,,,,,,,,,,,
0031-0547,,,,,,,,,,,,,,,,
0031-0548,,,,,,,,,,,,,,,,
0031-0549,,,,,,,,,,,,,,,,
0031-0550,,,,,,,,,,,,,,,,
0031-0551,,,,,,,,,,,,,,,,
0031-0552,,,,,,,,,,,,,,,,
0031-0553,,,,,,,,,,,,,,,,
0031-0554,,,,,,,,,,,,,,,,
0031-0555,,,,,,,,,,,,,,,,
0031-0556,,,,,,,,,,,,,,,,
0031-0557,,,,,,,,,,,,,,,,
0031-0558,,,,,,,,,,,,,,,,
0031-0559,,,,,,,,,,,,,,,,
0031-0560,,,,,,,,,,,,,,,,
0031-0561,,,,,,,,,,,,,,,,
0031-0562,,,,,,,,,,,,,,,,
0031-0563,,,,,,,,,,,,,,,,
0031-0564,,,,,,,,,,,,,,,,
0031-0565,,,,,,,,,,,,,,,,
0031-0566,,,,,,,,,,,,,,,,
0031-0567,,,,,,,,,,,,,,,,
0031-0568,,,,,,,,,,,,,,,,
0031-0569,,,,,,,,,,,,,,,,
0031-0570,,,,,,,,,,,,,,,,
0031-0571,,,,,,,,,,,,,,,,
0031-0572,,,,,,,,,,,,,,,,
0031-0573,,,,,,,,,,,,,,,,
0031-0574,,,,,,,,,,,,,,,,
0031-0575,,,,,,,,,,,,,,,,
0031-0576,,,,,,,,,,,,,,,,
0031-0577,,,,,,,,,,,,,,,,
0031-0578,,,,,,,,,,,,,,,,
0031-0579,,,,,,,,,,,,,,,,
0031-0580,,,,,,,,,,,,,,,,
0031-0581,,,,,,,,,,,,,,,,
0031-0582,,,,,,,,,,,,,,,,
0031-0583,,,,,,,,,,,,,,,,
0031-0584,,,,,,,,,,,,,,,,
0031-0585,,,,,,,,,,,,,,,,
0031-0586,,,,,,,,,,,,,,,,
0031-0587,,,,,,,,,,,,,,,,
0031-0588,,,,,,,,,,,,,,,,
0031-0589,,,,,,,,,,,,,,,,
0031-0590,,,,,,,,,,,,,,,,
0031-0591,,,,,,,,,,,,,,,,
0031-0592,,,,,,,,,,,,,,,,
0031-0593,,,,,,,,,,,,,,,,
0031-0594,,,,,,,,,,,,,,,,
0031-0595,,,,,,,,,,,,,,,,
0031-0596,,,,,,,,,,,,,,,,
0031-0597,,,,,,,,,,,,,,,,
0031-0598,,,,,,,,,,,,,,,,
0031-0599,,,,,,,,,,,,,,,,
0031-0600,,,,,,,,,,,,,,,,
0031-0601,,,,,,,,,,,,,,,,
0031-0602,,,,,,,,,,,,,,,,
0031-0603,,,,,,,,,,,,,,,,
0031-0604,,,,,,,,,,,,,,,,
0031-0605,,,,,,,,,,,,,,,,
0031-0606,,,,,,,,,,,,,,,,
0031-0607,,,,,,,,,,,,,,,,
0031-0608,,,,,,,,,,,,,,,,
0031-0609,,,,,,,,,,,,,,,,
0031-0610,,,,,,,,,,,,,,,,
0031-0611,,,,,,,,,,,,,,,,
0031-0612,,,,,,,,,,,,,,,,
0031-0613,,,,,,,,,,,,,,,,
0031-0614,,,,,,,,,,,,,,,,
0031-0615,,,,,,,,,,,,,,,,
0031-0616,,,,,,,,,,,,,,,,
0031-0617,,,,,,,,,,,,,,,,
0031-0618,,,,,,,,,,,,,,,,
0031-0619,,,,,,,,,,,,,,,,
0031-0620,,,,,,,,,,,,,,,,
0031-0621,,,,,,,,,,,,,,,,
0031-0622,,,,,,,,,,,,,,,,
0031-0623,,,,,,,,,,,,,,,,
0031-0624,,,,,,,,,,,,,,,,
0031-0625,,,,,,,,,,,,,,,,
0031-0626,,,,,,,,,,,,,,,,
0031-0627,,,,,,,,,,,,,,,,
0031-0628,,,,,,,,,,,,,,,,
0031-0629,,,,,,,,,,,,,,,,
0031-0630,,,,,,,,,,,,,,,,
0031-0631,,,,,,,,,,,,,,,,
0031-0632,,,,,,,,,,,,,,,,
0031-0633,,,,,,,,,,,,,,,,
0031-0634,,,,,,,,,,,,,,,,
0031-0635,,,,,,,,,,,,,,,,
0031-0636,,,,,,,,,,,,,,,,
0031-0637,,,,,,,,,,,,,,,,
0031-0638,,,,,,,,,,,,,,,,
0031-0639,,,,,,,,,,,,,,,,
0031-0640,,,,,,,,,,,,,,,,
0031-0641,,,,,,,,,,,,,,,,
0031-0642,,,,,,,,,,,,,,,,
0031-0643,,,,,,,,,,,,,,,,
0031-0644,,,,,,,,,,,,,,,,
0031-0645,,,,,,,,,,,,,,,,
0031-0646,,,,,,,,,,,,,,,,
0031-0647,,,,,,,,,,,,,,,,
0031-0648,,,,,,,,,,,,,,,,
0031-0649,,,,,,,,,,,,,,,,
0031-0650,,,,,,,,,,,,,,,,
0031-0651,,,,,,,,,,,,,,,,
0031-0652,,,,,,,,,,,,,,,,
0031-0653,,,,,,,,,,,,,,,,
0031-0654,,,,,,,,,,,,,,,,
0031-0655,,,,,,,,,,,,,,,,
0031-0656,,,,,,,,,,,,,,,,
0031-0657,,,,,,,,,,,,,,,,
0031-0658,,,,,,,,,,,,,,,,
0031-0659,,,,,,,,,,,,,,,,
0031-0660,,,,,,,,,,,,,,,,
0031-0661,,,,,,,,,,,,,,,,
0031-0662,,,,,,,,,,,,,,,,
0031-0663,,,,,,,,,,,,,,,,
0031-0664,,,,,,,,,,,,,,,,
0031-0665,,,,,,,,,,,,,,,,
0031-0666,,,,,,,,,,,,,,,,
0031-0667,,,,,,,,,,,,,,,,
0031-0668,,,,,,,,,,,,,,,,
0031-0669,,,,,,,,,,,,,,,,
0031-0670,,,,,,,,,,,,,,,,
0031-0671,,,,,,,,,,,,,,,,
0031-0672,,,,,,,,,,,,,,,,
0031-0673,,,,,,,,,,,,,,,,
0031-0674,,,,,,,,,,,,,,,,
0031-0675,,,,,,,,,,,,,,,,
0031-0676,,,,,,,,,,,,,,,,
0031-0677,,,,,,,,,,,,,,,,
0031-0678,,,,,,,,,,,,,,,,
0031-0679,,,,,,,,,,,,,,,,
0031-0680,,,,,,,,,,,,,,,,
0031-0681,,,,,,,,,,,,,,,,
0031-0682,,,,,,,,,,,,,,,,
0031-0683,,,,,,,,,,,,,,,,
0031-0684,,,,,,,,,,,,,,,,
0031-0685,,,,,,,,,,,,,,,,
0031-0686,,,,,,,,,,,,,,,,
0031-0687,,,,,,,,,,,,,,,,
0031-0688,,,,,,,,,,,,,,,,
0031-0689,,,,,,,,,,,,,,,,
0031-0690,,,,,,,,,,,,,,,,
0031-0691,,,,,,,,,,,,,,,,
0031-0692,,,,,,,,,,,,,,,,
0031-0693,,,,,,,,,,,,,,,,
0031-0694,,,,,,,,,,,,,,,,
0031-0695,,,,,,,,,,,,,,,,
0031-0696,,,,,,,,,,,,,,,,
0031-0697,,,,,,,,,,,,,,,,
0031-0698,,,,,,,,,,,,,,,,
0031-0699,,,,,,,,,,,,,,,,
0031-0700,,,,,,,,,,,,,,,,
0031-0701,,,,,,,,,,,,,,,,
0031-0702,,,,,,,,,,,,,,,,
0031-0703,,,,,,,,,,,,,,,,
0031-0704,,,,,,,,,,,,,,,,
0031-0705,,,,,,,,,,,,,,,,
0031-0706,,,,,,,,,,,,,,,,
0031-0707,,,,,,,,,,,,,,,,
0031-0708,,,,,,,,,,,,,,,,
0031-0709,,,,,,,,,,,,,,,,
0031-0710,,,,,,,,,,,,,,,,
0031-0711,,,,,,,,,,,,,,,,
0031-0712,,,,,,,,,,,,,,,,
0031-0713,,,,,,,,,,,,,,,,
0031-0714,,,,,,,,,,,,,,,,
0031-0715,,,,,,,,,,,,,,,,
0031-0716,,,,,,,,,,,,,,,,
0031-0717,,,,,,,,,,,,,,,,
0031-0718,,,,,,,,,,,,,,,,
0031-0719,,,,,,,,,,,,,,,,
0031-0720,,,,,,,,,,,,,,,,
0031-0721,,,,,,,,,,,,,,,,
0031-0722,,,,,,,,,,,,,,,,
0031-0723,,,,,,,,,,,,,,,,
0031-0724,,,,,,,,,,,,,,,,
0031-0725,,,,,,,,,,,,,,,,
0031-0726,,,,,,,,,,,,,,,,
0031-0727,,,,,,,,,,,,,,,,
0031-0728,,,,,,,,,,,,,,,,
0031-0729,,,,,,,,,,,,,,,,
0031-0730,,,,,,,,,,,,,,,,
0031-0731,,,,,,,,,,,,,,,,
0031-0732,,,,,,,,,,,,,,,,
0031-0733,,,,,,,,,,,,,,,,
0031-0734,,,,,,,,,,,,,,,,
0031-0735,,,,,,,,,,,,,,,,
0031-0736,,,,,,,,,,,,,,,,
0031-0737,,,,,,,,,,,,,,,,
0031-0738,,,,,,,,,,,,,,,,
0031-0739,,,,,,,,,,,,,,,,
0031-0740,,,,,,,,,,,,,,,,
0031-0741,,,,,,,,,,,,,,,,
0031-0742,,,,,,,,,,,,,,,,
0031-0743,,,,,,,,,,,,,,,,
0031-0744,,,,,,,,,,,,,,,,
0031-0745,,,,,,,,,,,,,,,,
0031-0746,,,,,,,,,,,,,,,,
0031-0747,,,,,,,,,,,,,,,,
0031-0748,,,,,,,,,,,,,,,,
0031-0749,,,,,,,,,,,,,,,,
0031-0750,,,,,,,,,,,,,,,,
0031-0751,,,,,,,,,,,,,,,,
0031-0752,,,,,,,,,,,,,,,,
0031-0753,,,,,,,,,,,,,,,,
0031-0754,,,,,,,,,,,,,,,,
0031-0755,,,,,,,,,,,,,,,,
0031-0756,,,,,,,,,,,,,,,,
0031-0757,,,,,,,,,,,,,,,,
0031-0758,,,,,,,,,,,,,,,,
0031-0759,,,,,,,,,,,,,,,,
0031-0760,,,,,,,,,,,,,,,,
0031-0761,,,,,,,,,,,,,,,,
0031-0762,,,,,,,,,,,,,,,,
0031-0763,,,,,,,,,,,,,,,,
0031-0764,,,,,,,,,,,,,,,,
0031-0765,,,,,,,,,,,,,,,,
0031-0766,,,,,,,,,,,,,,,,
0031-0767,,,,,,,,,,,,,,,,
0031-0768,,,,,,,,,,,,,,,,
0031-0769,,,,,,,,,,,,,,,,
0031-0770,,,,,,,,,,,,,,,,
0031-0771,,,,,,,,,,,,,,,,
0031-0772,,,,,,,,,,,,,,,,
0031-0773,,,,,,,,,,,,,,,,
0031-0774,,,,,,,,,,,,,,,,
0031-0775,,,,,,,,,,,,,,,,
0031-0776,,,,,,,,,,,,,,,,
0031-0777,,,,,,,,,,,,,,,,
0031-0778,,,,,,,,,,,,,,,,
0031-0779,,,,,,,,,,,,,,,,
0031-0780,,,,,,,,,,,,,,,,
0031-0781,,,,,,,,,,,,,,,,
0031-0782,,,,,,,,,,,,,,,,
0031-0783,,,,,,,,,,,,,,,,
0031-0784,,,,,,,,,,,,,,,,
0031-0785,,,,,,,,,,,,,,,,
0031-0786,,,,,,,,,,,,,,,,
0031-0787,,,,,,,,,,,,,,,,
0031-0788,,,,,,,,,,,,,,,,
0031-0789,,,,,,,,,,,,,,,,
0031-0790,,,,,,,,,,,,,,,,
0031-0791,,,,,,,,,,,,,,,,
0031-0792,,,,,,,,,,,,,,,,
0031-0793,,,,,,,,,,,,,,,,
0031-0794,,,,,,,,,,,,,,,,
0031-0795,,,,,,,,,,,,,,,,
0031-0796,,,,,,,,,,,,,,,,
0031-0797,,,,,,,,,,,,,,,,
0031-0798,,,,,,,,,,,,,,,,
0031-0799,,,,,,,,,,,,,,,,
0031-0800,,,,,,,,,,,,,,,,
0031-0801,,,,,,,,,,,,,,,,
0031-0802,,,,,,,,,,,,,,,,
0031-0803,,,,,,,,,,,,,,,,
0031-0804,,,,,,,,,,,,,,,,
0031-0805,,,,,,,,,,,,,,,,
0031-0806,,,,,,,,,,,,,,,,
0031-0807,,,,,,,,,,,,,,,,
0031-0808,,,,,,,,,,,,,,,,
0031-0809,,,,,,,,,,,,,,,,
0031-0810,,,,,,,,,,,,,,,,
0031-0811,,,,,,,,,,,,,,,,
0031-0812,,,,,,,,,,,,,,,,
0031-0813,,,,,,,,,,,,,,,,
0031-0814,,,,,,,,,,,,,,,,
0031-0815,,,,,,,,,,,,,,,,
0031-0816,,,,,,,,,,,,,,,,
0031-0817,,,,,,,,,,,,,,,,
0031-0818,,,,,,,,,,,,,,,,
0031-0819,,,,,,,,,,,,,,,,
0031-0820,,,,,,,,,,,,,,,,
0031-0821,,,,,,,,,,,,,,,,
0031-0822,,,,,,,,,,,,,,,,
0031-0823,,,,,,,,,,,,,,,,
0031-0824,,,,,,,,,,,,,,,,
0031-0825,,,,,,,,,,,,,,,,
0031-0826,,,,,,,,,,,,,,,,
0031-0827,,,,,,,,,,,,,,,,
0031-0828,,,,,,,,,,,,,,,,
0031-0829,,,,,,,,,,,,,,,,
0031-0830,,,,,,,,,,,,,,,,
0031-0831,,,,,,,,,,,,,,,,
0031-0832,,,,,,,,,,,,,,,,
0031-0833,,,,,,,,,,,,,,,,
0031-0834,,,,,,,,,,,,,,,,
0031-0835,,,,,,,,,,,,,,,,
0031-0836,,,,,,,,,,,,,,,,
0031-0837,,,,,,,,,,,,,,,,
0031-0838,,,,,,,,,,,,,,,,
0031-0839,,,,,,,,,,,,,,,,
0031-0840,,,,,,,,,,,,,,,,
0031-0841,,,,,,,,,,,,,,,,
0031-0842,,,,,,,,,,,,,,,,
0031-0843,,,,,,,,,,,,,,,,
0031-0844,,,,,,,,,,,,,,,,
0031-0845,,,,,,,,,,,,,,,,
0031-0846,,,,,,,,,,,,,,,,
0031-0847,,,,,,,,,,,,,,,,
0031-0848,,,,,,,,,,,,,,,,
0031-0849,,,,,,,,,,,,,,,,
0031-0850,,,,,,,,,,,,,,,,
0031-0851,,,,,,,,,,,,,,,,
0031-0852,,,,,,,,,,,,,,,,
0031-0853,,,,,,,,,,,,,,,,
0031-0854,,,,,,,,,,,,,,,,
0031-0855,,,,,,,,,,,,,,,,
0031-0856,,,,,,,,,,,,,,,,
0031-0857,,,,,,,,,,,,,,,,
0031-0858,,,,,,,,,,,,,,,,
0031-0859,,,,,,,,,,,,,,,,
0031-0860,,,,,,,,,,,,,,,,
0031-0861,,,,,,,,,,,,,,,,
0031-0862,,,,,,,,,,,,,,,,
0031-0863,,,,,,,,,,,,,,,,
0031-0864,,,,,,,,,,,,,,,,
0031-0865,,,,,,,,,,,,,,,,
0031-0866,,,,,,,,,,,,,,,,
0031-0867,,,,,,,,,,,,,,,,
0031-0868,,,,,,,,,,,,,,,,
0031-0869,,,,,,,,,,,,,,,,
0031-0870,,,,,,,,,,,,,,,,
0031-0871,,,,,,,,,,,,,,,,
0031-0872,,,,,,,,,,,,,,,,
0031-0873,,,,,,,,,,,,,,,,
0031-0874,,,,,,,,,,,,,,,,
0031-0875,,,,,,,,,,,,,,,,
0031-0876,,,,,,,,,,,,,,,,
0031-0877,,,,,,,,,,,,,,,,
0031-0878,,,,,,,,,,,,,,,,
0031-0879,,,,,,,,,,,,,,,,
0031-0880,,,,,,,,,,,,,,,,
0031-0881,,,,,,,,,,,,,,,,
0031-0882,,,,,,,,,,,,,,,,
0031-0883,,,,,,,,,,,,,,,,
0031-0884,,,,,,,,,,,,,,,,
0031-0885,,,,,,,,,,,,,,,,
0031-0886,,,,,,,,,,,,,,,,
0031-0887,,,,,,,,,,,,,,,,
0031-0888,,,,,,,,,,,,,,,,
0031-0889,,,,,,,,,,,,,,,,
0031-0890,,,,,,,,,,,,,,,,
0031-0891,,,,,,,,,,,,,,,,
0031-0892,,,,,,,,,,,,,,,,
0031-0893,,,,,,,,,,,,,,,,
0031-0894,,,,,,,,,,,,,,,,
0031-0895,,,,,,,,,,,,,,,,
0031-0896,,,,,,,,,,,,,,,,
0031-0897,,,,,,,,,,,,,,,,
0031-0898,,,,,,,,,,,,,,,,
0031-0899,,,,,,,,,,,,,,,,
0031-0900,,,,,,,,,,,,,,,,
0031-0901,,,,,,,,,,,,,,,,
0031-0902,,,,,,,,,,,,,,,,
0031-0903,,,,,,,,,,,,,,,,
0031-0904,,,,,,,,,,,,,,,,
0031-0905,,,,,,,,,,,,,,,,
0031-0906,,,,,,,,,,,,,,,,
0031-0907,,,,,,,,,,,,,,,,
0031-0908,,,,,,,,,,,,,,,,
0031-0909,,,,,,,,,,,,,,,,
0031-0910,,,,,,,,,,,,,,,,
0031-0911,,,,,,,,,,,,,,,,
0031-0912,,,,,,,,,,,,,,,,
0031-0913,,,,,,,,,,,,,,,,
0031-0914,,,,,,,,,,,,,,,,
0031-0915,,,,,,,,,,,,,,,,
0031-0916,,,,,,,,,,,,,,,,
0031-0917,,,,,,,,,,,,,,,,
0031-0918,,,,,,,,,,,,,,,,
0031-0919,,,,,,,,,,,,,,,,
0031-0920,,,,,,,,,,,,,,,,
0031-0921,,,,,,,,,,,,,,,,
0031-0922,,,,,,,,,,,,,,,,
0031-0923,,,,,,,,,,,,,,,,
0031-0924,,,,,,,,,,,,,,,,
0031-0925,,,,,,,,,,,,,,,,
0031-0926,,,,,,,,,,,,,,,,
0031-0927,,,,,,,,,,,,,,,,
0031-0928,,,,,,,,,,,,,,,,
0031-0929,,,,,,,,,,,,,,,,
0031-0930,,,,,,,,,,,,,,,,
0031-0931,,,,,,,,,,,,,,,,
0031-0932,,,,,,,,,,,,,,,,
0031-0933,,,,,,,,,,,,,,,,
0031-0934,,,,,,,,,,,,,,,,
0031-0935,,,,,,,,,,,,,,,,
0031-0936,,,,,,,,,,,,,,,,
0031-0937,,,,,,,,,,,,,,,,
0031-0938,,,,,,,,,,,,,,,,
0031-0939,,,,,,,,,,,,,,,,
0031-0940,,,,,,,,,,,,,,,,
0031-0941,,,,,,,,,,,,,,,,
0031-0942,,,,,,,,,,,,,,,,
0031-0943,,,,,,,,,,,,,,,,
0031-0944,,,,,,,,,,,,,,,,
0031-0945,,,,,,,,,,,,,,,,
0031-0946,,,,,,,,,,,,,,,,
0031-0947,,,,,,,,,,,,,,,,
0031-0948,,,,,,,,,,,,,,,,
0031-0949,,,,,,,,,,,,,,,,
0031-0950,,,,,,,,,,,,,,,,
0031-0951,,,,,,,,,,,,,,,,
0031-0952,,,,,,,,,,,,,,,,
0031-0953,,,,,,,,,,,,,,,,
0031-0954,,,,,,,,,,,,,,,,
0031-0955,,,,,,,,,,,,,,,,
0031-0956,,,,,,,,,,,,,,,,
0031-0957,,,,,,,,,,,,,,,,
0031-0958,,,,,,,,,,,,,,,,
0031-0959,,,,,,,,,,,,,,,,
0031-0960,,,,,,,,,,,,,,,,
0031-0961,,,,,,,,,,,,,,,,
0031-0962,,,,,,,,,,,,,,,,
0031-0963,,,,,,,,,,,,,,,,
0031-0964,,,,,,,,,,,,,,,,
0031-0965,,,,,,,,,,,,,,,,
0031-0966,,,,,,,,,,,,,,,,
0031-0967,,,,,,,,,,,,,,,,
0031-0968,,,,,,,,,,,,,,,,
0031-0969,,,,,,,,,,,,,,,,
0031-0970,,,,,,,,,,,,,,,,
0031-0971,,,,,,,,,,,,,,,,
0031-0972,,,,,,,,,,,,,,,,
0031-0973,,,,,,,,,,,,,,,,
0031-0974,,,,,,,,,,,,,,,,
0031-0975,,,,,,,,,,,,,,,,
0031-0976,,,,,,,,,,,,,,,,
0031-0977,,,,,,,,,,,,,,,,
0031-0978,,,,,,,,,,,,,,,,
0031-0979,,,,,,,,,,,,,,,,
0031-0980,,,,,,,,,,,,,,,,
0031-0981,,,,,,,,,,,,,,,,
0031-0982,,,,,,,,,,,,,,,,
0031-0983,,,,,,,,,,,,,,,,
0031-0984,,,,,,,,,,,,,,,,
0031-0985,,,,,,,,,,,,,,,,
0031-0986,,,,,,,,,,,,,,,,
0031-0987,,,,,,,,,,,,,,,,
0031-0988,,,,,,,,,,,,,,,,
0031-0989,,,,,,,,,,,,,,,,
0031-0990,,,,,,,,,,,,,,,,
0031-0991,,,,,,,,,,,,,,,,
0031-0992,,,,,,,,,,,,,,,,
0031-0993,,,,,,,,,,,,,,,,
0031-0994,,,,,,,,,,,,,,,,
0031-0995,,,,,,,,,,,,,,,,
0031-0996,,,,,,,,,,,,,,,,
0031-0997,,,,,,,,,,,,,,,,
0031-0998,,,,,,,,,,,,,,,,
0031-0999,,,,,,,,,,,,,,,,
0031-1000,,,,,,,,,,,,,,,,
