VideoID,EventID,StartTime,EndTime,Behavior,FishIDs,Confidence/Notes,2nd reviewer comments/notes,
0031_vid,0031_vid_evt_0001,00:54:29,00:54:39,circling,30004551|30004572,large span,,
0031_vid,0031_vid_evt_0002,00:54:47,00:54:51,circling,30004551|30004620,,,
0031_vid,0031_vid_evt_0003,00:54:58,00:55:07,circling,30004551|30004643,,,
0031_vid,0031_vid_evt_0004,01:06:37,01:07:01,circling,30005776|30005858,,,
0031_vid,0031_vid_evt_0005,01:07:30,01:07:36,circling,30005888|30005942,,,
0031_vid,0031_vid_evt_0006,01:08:12,01:08:17,circling,30005888|30005997,,,
0031_vid,0031_vid_evt_0007,01:08:19,01:09:02,circling,30005997|30006010,,,
0031_vid,0031_vid_evt_0008,01:09:07,01:09:13,circling,30005997|30006070,,,
0031_vid,0031_vid_evt_0009,01:09:15,01:09:21,circling,30005997|30006070,,,
0031_vid,0031_vid_evt_0010,01:09:24,01:09:34,circling,30005997|30006070,,,
0031_vid,0031_vid_evt_0011,01:12:13,01:12:22,circling,30006070|30006383,,,
0031_vid,0031_vid_evt_0012,01:16:45,01:17:02,circling,30006779|30006813,,,
0031_vid,0031_vid_evt_0013,01:17:21,01:17:28,circling,30006779|30006857,,,
0031_vid,0031_vid_evt_0014,01:22:24,01:22:28,circling,30007197|30007289,,,
0031_vid,0031_vid_evt_0015,01:27:35,01:27:40,circling,30007606|30007666,,,
0031_vid,0031_vid_evt_0016,01:27:46,01:27:50,circling,30007606|30007678,,Incomplete circling,
0031_vid,0031_vid_evt_0017,01:39:20,01:39:32,circling,30008927|30008973,,,
0031_vid,0031_vid_evt_0018,01:40:20,01:40:51,circling,30008927|30009048,,,
0031_vid,0031_vid_evt_0019,01:42:07,01:43:01,circling,30008927|30009195,,,
0031_vid,0031_vid_evt_0020,01:45:03,01:45:08,circling,30009445|30009484,,,
0031_vid,0031_vid_evt_0021,01:45:13,01:45:23,circling,30009445|30009484,,,
0031_vid,0031_vid_evt_0022,01:46:08,01:46:11,circling,30009445|30009584,3/4th circle completed ; small circling event/span,,
0031_vid,0031_vid_evt_0023,01:56:55,01:57:01,circling,30010425|30010738,,,
0031_vid,0031_vid_evt_0024,01:58:14,01:58:18,circling,30010861|30010897,,,
0031_vid,0031_vid_evt_0025,01:59:09,01:59:31,circling,30010959|30010978,,,
0031_vid,0031_vid_evt_0026,02:00:31,02:00:36,circling,30011049|30011125,,,
0031_vid,0031_vid_evt_0027,02:01:44,02:02:11,circling,30011187|30011222,,,
0031_vid,0031_vid_evt_0028,02:17:13,02:17:30,circling,30013151|30013161,,,
0031_vid,0031_vid_evt_0029,02:17:41,02:18:14,circling,30013151|30013205,,"If direction switches are counted in the same event, this would begin @ 2:17:35",
0031_vid,0031_vid_evt_0030,02:26:05,02:26:13,circling,30013812|30014213,,Circling starts earlier @ 2:26:02,
0031_vid,0031_vid_evt_0031,02:26:25,02:26:29,circling,30013812|30014270,,Circling may be incomplete,
0031_vid,0031_vid_evt_0032,02:27:04,02:27:16,circling,30013812|30014358,,,
0031_vid,0031_vid_evt_0033,02:27:32,02:27:52,circling,30014373|30014411,,,
0031_vid,0031_vid_evt_0034,02:28:15,02:28:21,circling,30014468|30014504,,,
0031_vid,0031_vid_evt_0035,02:28:30,02:28:36,circling,30014468|30014527,,Additional circling spanning 2:28:40 - 2:28:48,
0031_vid,0031_vid_evt_0036,02:29:30,02:29:39,circling,30014468|30014637,,,
0031_vid,0031_vid_evt_0037,02:29:42,02:29:47,circling,30014468|30014637,,,
0031_vid,0031_vid_evt_0038,02:29:52,02:29:57,circling,30014468|30014681,,,
0031_vid,0031_vid_evt_0039,02:30:10,02:30:14,circling,30014468|30014681,,,
0031_vid,0031_vid_evt_0040,02:30:18,02:30:30,circling,30014468|30014681,,,
0031_vid,0031_vid_evt_0041,02:30:33,02:30:39,circling,30014468|30014681,,,
0031_vid,0031_vid_evt_0042,02:30:41,02:31:00,circling,30014717|30014723,,,
0031_vid,0031_vid_evt_0043,02:31:21,02:31:31,circling,30014723|30014785,,,
0031_vid,0031_vid_evt_0044,02:32:00,02:32:38,circling,30014723|30014840,,,
0031_vid,0031_vid_evt_0045,02:32:48,02:32:52,circling,30014899|30014954,,3/4 circle complete - incomplete,
0031_vid,0031_vid_evt_0046,02:33:46,02:33:49,circling,30014899|30014954,,,
0031_vid,0031_vid_evt_0047,02:34:17,02:34:52,circling,30015071|30015126, ,,
0031_vid,0031_vid_evt_0048,02:37:55,02:38:28,circling,30015179|30015541,,,
0031_vid,0031_vid_evt_0049,02:38:52,02:39:07,circling,30015593|30015626,,,
0031_vid,0031_vid_evt_0050,02:39:40,02:39:44,circling,30015626|30015710,,,
0031_vid,0031_vid_evt_0051,02:41:22,02:42:10,circling,30015710|30015897,,,
0031_vid,0031_vid_evt_0052,02:45:13,02:45:28,circling,30016280|30016290,,,
0031_vid,0031_vid_evt_0053,02:45:47,02:45:52,circling,30016290|30016344,,2 incomplete circles in different directions,
0031_vid,0031_vid_evt_0054,02:47:08,02:47:28,circling,30016416|30016512,,,
0031_vid,0031_vid_evt_0055,02:48:07,02:48:34,circling,30016416|30016592,,Additional circling spanning 2:53:10 - 2:53:14,
0031_vid,0031_vid_evt_0056,02:53:34,02:53:41,circling,30017174|30017225,,,
0031_vid,0031_vid_evt_0057,02:53:50,02:54:02,circling,30017244|30017255,,,
0031_vid,0031_vid_evt_0058,02:54:42,02:54:53,circling,30017244|30017353,,,
0031_vid,0031_vid_evt_0059,02:55:17,02:55:34,circling,30017244|30017413,,,
0031_vid,0031_vid_evt_0060,02:56:06,02:56:10,circling,30017413|30017484,,,
0031_vid,0031_vid_evt_0061,02:56:16,02:56:21,circling,30017503|30017520,,,
0031_vid,0031_vid_evt_0062,02:56:38,02:56:59,circling,30017503|30017552,,,
0031_vid,0031_vid_evt_0063,02:57:25,02:58:08,circling,30017582|30017631,,,
0031_vid,0031_vid_evt_0064,02:59:30,02:59:35,circling,30017582|30017830,,,
0031_vid,0031_vid_evt_0065,03:00:03,03:00:46,circling,30017582|30017899,,,
0031_vid,0031_vid_evt_0066,03:07:09,03:07:41,circling,30018742|30018763,,,
,,,,,,,,
,,,,,,,,
,,,,,,,,
,,,,,,,,
,,,,,,,,
,,,,,,,,
,,,,,,,,
,,,,,,,,
,,,,,,,,
,,,,,,,,
,,,,,,,,
,,,,,,,,
,,,,,,,,
,,,,,,,,
,,,,,,,,
,,,,,,,,
,,,,,,,,
,,,,,,,,
,,,,,,,,
,,,,,,,,
,,,,,,,,
,,,,,,,,
,,,,,,,,
,,,,,,,,
,,,,,,,,
,,,,,,,,
,,,,,,,,
,,,,,,,,
,,,,,,,,
,,,,,,,,
,,,,,,,,
,,,,,,,,
,,,,,,,,
,,,,,,,,
,,,,,,,,
,,,,,,,,
,,,,,,,,
,,,,,,,,
,,,,,,,,
,,,,,,,,
,,,,,,,,
,,,,,,,,
,,,,,,,,
,,,,,,,,
,,,,,,,,
,,,,,,,,
,,,,,,,,
,,,,,,,,
,,,,,,,,
,,,,,,,,
,,,,,,,,
,,,,,,,,
,,,,,,,,
,,,,,,,,
,,,,,,,,
,,,,,,,,
,,,,,,,,
,,,,,,,,
,,,,,,,,
,,,,,,,,
,,,,,,,,
,,,,,,,,
,,,,,,,,
,,,,,,,,
,,,,,,,,
,,,,,,,,
,,,,,,,,
,,,,,,,,
,,,,,,,,
,,,,,,,,
,,,,,,,,
,,,,,,,,
,,,,,,,,
,,,,,,,,
,,,,,,,,
,,,,,,,,
,,,,,,,,
,,,,,,,,
,,,,,,,,
,,,,,,,,
,,,,,,,,
,,,,,,,,
,,,,,,,,
,,,,,,,,
